location_id,date,temp_c,humidity_pct,rainfall_mm
kalimati,2024-01-01,10.6,65.8,0.6
kalimati,2024-01-02,12.5,56.5,1.1
kalimati,2024-01-03,11.6,67.9,0.8
kalimati,2024-01-04,8.4,64.3,1.3
kalimati,2024-01-05,1.9,53.0,0.4
kalimati,2024-01-06,12.8,75.9,0.0
kalimati,2024-01-07,8.3,70.0,0.7
kalimati,2024-01-08,9.4,56.0,0.2
kalimati,2024-01-09,14.4,57.6,1.2
kalimati,2024-01-10,12.1,61.0,1.1
kalimati,2024-01-11,10.2,58.5,1.4
kalimati,2024-01-12,10.2,51.8,1.0
kalimati,2024-01-13,14.4,57.9,1.0
kalimati,2024-01-14,14.9,53.5,0.5
kalimati,2024-01-15,11.1,68.4,1.6
kalimati,2024-01-16,23.4,57.3,0.6
kalimati,2024-01-17,11.7,62.4,0.3
kalimati,2024-01-18,13.1,59.9,0.6
kalimati,2024-01-19,14.6,49.4,0.5
kalimati,2024-01-20,9.8,65.6,1.3
kalimati,2024-01-21,15.1,45.1,0.3
kalimati,2024-01-22,18.3,56.6,0.2
kalimati,2024-01-23,15.1,58.6,0.1
kalimati,2024-01-24,19.2,49.0,0.5
kalimati,2024-01-25,12.6,61.8,0.8
kalimati,2024-01-26,10.8,60.6,4.7
kalimati,2024-01-27,5.9,58.3,0.7
kalimati,2024-01-28,13.6,64.1,0.9
kalimati,2024-01-29,10.1,61.9,0.1
kalimati,2024-01-30,15.9,46.9,0.1
kalimati,2024-01-31,20.1,61.2,0.1
kalimati,2024-02-01,11.5,50.4,0.4
kalimati,2024-02-02,6.5,63.4,0.4
kalimati,2024-02-03,9.1,51.3,0.5
kalimati,2024-02-04,15.4,67.3,1.9
kalimati,2024-02-05,9.8,66.2,0.4
kalimati,2024-02-06,8.8,64.3,1.8
kalimati,2024-02-07,17.2,47.3,0.8
kalimati,2024-02-08,9.7,44.9,1.0
kalimati,2024-02-09,8.1,63.7,0.4
kalimati,2024-02-10,10.0,65.4,0.1
kalimati,2024-02-11,11.3,65.7,3.1
kalimati,2024-02-12,7.7,62.1,0.5
kalimati,2024-02-13,4.9,55.6,1.7
kalimati,2024-02-14,10.0,57.1,1.5
kalimati,2024-02-15,8.3,65.2,0.4
kalimati,2024-02-16,15.8,51.5,1.1
kalimati,2024-02-17,8.3,39.4,0.6
kalimati,2024-02-18,7.0,63.3,3.4
kalimati,2024-02-19,15.3,69.9,0.3
kalimati,2024-02-20,17.7,71.3,1.0
kalimati,2024-02-21,8.6,62.2,1.0
kalimati,2024-02-22,16.7,52.2,0.7
kalimati,2024-02-23,2.8,63.8,1.4
kalimati,2024-02-24,11.9,64.7,0.8
kalimati,2024-02-25,14.2,56.0,0.9
kalimati,2024-02-26,13.9,60.8,0.5
kalimati,2024-02-27,17.0,63.7,0.6
kalimati,2024-02-28,9.4,54.3,0.8
kalimati,2024-02-29,20.3,55.7,1.6
kalimati,2024-03-01,21.9,56.2,7.0
kalimati,2024-03-02,26.9,68.2,1.6
kalimati,2024-03-03,20.6,62.6,2.9
kalimati,2024-03-04,19.9,62.1,2.9
kalimati,2024-03-05,23.7,57.2,1.5
kalimati,2024-03-06,20.1,55.0,1.6
kalimati,2024-03-07,25.5,59.1,0.9
kalimati,2024-03-08,22.4,70.8,0.4
kalimati,2024-03-09,23.2,70.3,6.0
kalimati,2024-03-10,17.7,60.0,2.3
kalimati,2024-03-11,19.4,60.5,0.5
kalimati,2024-03-12,18.6,63.2,6.4
kalimati,2024-03-13,24.0,81.5,1.3
kalimati,2024-03-14,21.4,71.6,2.2
kalimati,2024-03-15,23.0,74.0,5.1
kalimati,2024-03-16,21.0,68.7,5.6
kalimati,2024-03-17,19.6,48.8,8.6
kalimati,2024-03-18,21.6,65.1,9.6
kalimati,2024-03-19,17.1,63.3,1.3
kalimati,2024-03-20,24.6,59.0,0.2
kalimati,2024-03-21,22.0,54.7,5.9
kalimati,2024-03-22,21.1,52.5,2.0
kalimati,2024-03-23,18.0,69.4,2.4
kalimati,2024-03-24,20.0,62.5,9.1
kalimati,2024-03-25,19.1,65.3,7.8
kalimati,2024-03-26,26.6,51.9,4.0
kalimati,2024-03-27,18.9,75.8,28.4
kalimati,2024-03-28,19.7,58.0,4.0
kalimati,2024-03-29,21.0,61.1,0.8
kalimati,2024-03-30,26.0,75.0,12.0
kalimati,2024-03-31,16.1,51.4,0.2
kalimati,2024-04-01,18.9,72.2,18.0
kalimati,2024-04-02,20.7,69.6,8.6
kalimati,2024-04-03,21.2,60.8,0.5
kalimati,2024-04-04,20.6,68.1,12.2
kalimati,2024-04-05,26.4,47.2,1.7
kalimati,2024-04-06,22.2,60.2,2.0
kalimati,2024-04-07,19.7,85.4,4.0
kalimati,2024-04-08,22.0,80.1,4.5
kalimati,2024-04-09,22.6,47.5,1.4
kalimati,2024-04-10,25.3,58.8,0.9
kalimati,2024-04-11,23.3,48.3,2.9
kalimati,2024-04-12,18.8,47.6,0.5
kalimati,2024-04-13,24.0,68.4,21.6
kalimati,2024-04-14,20.5,59.5,7.4
kalimati,2024-04-15,24.1,60.2,1.2
kalimati,2024-04-16,22.7,54.4,6.7
kalimati,2024-04-17,18.1,57.2,3.6
kalimati,2024-04-18,23.3,60.9,9.9
kalimati,2024-04-19,21.4,69.8,4.9
kalimati,2024-04-20,20.9,73.4,1.4
kalimati,2024-04-21,21.0,45.5,2.6
kalimati,2024-04-22,20.1,70.9,7.9
kalimati,2024-04-23,24.0,71.9,20.2
kalimati,2024-04-24,20.8,69.5,4.9
kalimati,2024-04-25,22.6,77.8,17.8
kalimati,2024-04-26,18.4,70.2,3.9
kalimati,2024-04-27,22.2,64.5,3.5
kalimati,2024-04-28,26.8,63.3,0.3
kalimati,2024-04-29,20.8,48.8,6.1
kalimati,2024-04-30,23.9,62.1,8.6
kalimati,2024-05-01,21.9,63.8,4.7
kalimati,2024-05-02,14.6,65.3,0.0
kalimati,2024-05-03,16.7,76.9,11.4
kalimati,2024-05-04,21.7,76.1,20.1
kalimati,2024-05-05,18.5,55.8,7.2
kalimati,2024-05-06,26.2,61.1,3.4
kalimati,2024-05-07,25.5,51.0,11.0
kalimati,2024-05-08,28.5,55.4,1.4
kalimati,2024-05-09,21.5,48.1,1.9
kalimati,2024-05-10,20.5,72.2,0.3
kalimati,2024-05-11,26.5,72.4,0.0
kalimati,2024-05-12,16.8,40.3,3.8
kalimati,2024-05-13,26.4,75.6,2.3
kalimati,2024-05-14,20.1,71.8,10.7
kalimati,2024-05-15,21.5,68.5,4.4
kalimati,2024-05-16,21.1,60.7,5.1
kalimati,2024-05-17,22.1,68.2,6.7
kalimati,2024-05-18,16.8,57.2,1.6
kalimati,2024-05-19,20.1,72.1,4.3
kalimati,2024-05-20,22.4,66.9,5.5
kalimati,2024-05-21,26.5,65.3,1.5
kalimati,2024-05-22,21.3,52.7,4.9
kalimati,2024-05-23,21.3,55.6,0.6
kalimati,2024-05-24,20.5,52.0,3.2
kalimati,2024-05-25,20.5,63.8,3.5
kalimati,2024-05-26,20.3,63.3,1.2
kalimati,2024-05-27,20.2,70.6,1.5
kalimati,2024-05-28,18.5,64.6,2.8
kalimati,2024-05-29,25.9,57.4,4.9
kalimati,2024-05-30,14.4,60.2,0.4
kalimati,2024-05-31,25.1,65.8,15.2
kalimati,2024-06-01,29.1,77.4,20.8
kalimati,2024-06-02,31.3,77.2,10.8
kalimati,2024-06-03,26.2,55.0,15.6
kalimati,2024-06-04,28.3,70.9,18.0
kalimati,2024-06-05,25.1,49.6,6.8
kalimati,2024-06-06,24.3,71.5,32.9
kalimati,2024-06-07,29.8,60.3,16.2
kalimati,2024-06-08,31.6,65.1,30.8
kalimati,2024-06-09,27.2,60.8,13.0
kalimati,2024-06-10,30.1,56.2,7.0
kalimati,2024-06-11,32.0,65.4,10.5
kalimati,2024-06-12,24.8,70.2,39.3
kalimati,2024-06-13,28.7,63.7,19.7
kalimati,2024-06-14,24.6,64.2,7.2
kalimati,2024-06-15,28.4,57.5,19.9
kalimati,2024-06-16,25.9,74.3,25.9
kalimati,2024-06-17,29.5,85.2,36.9
kalimati,2024-06-18,26.7,92.4,34.6
kalimati,2024-06-19,29.1,85.0,28.6
kalimati,2024-06-20,29.1,90.4,64.8
kalimati,2024-06-21,29.6,77.3,35.8
kalimati,2024-06-22,29.5,81.0,14.0
kalimati,2024-06-23,29.4,54.6,24.8
kalimati,2024-06-24,24.9,61.3,29.4
kalimati,2024-06-25,25.3,75.6,25.8
kalimati,2024-06-26,26.9,53.0,4.9
kalimati,2024-06-27,28.4,78.5,32.8
kalimati,2024-06-28,26.8,86.8,66.0
kalimati,2024-06-29,32.9,90.2,54.2
kalimati,2024-06-30,29.3,68.7,14.9
kalimati,2024-07-01,28.1,63.2,6.8
kalimati,2024-07-02,26.9,89.5,67.2
kalimati,2024-07-03,22.6,81.4,30.5
kalimati,2024-07-04,27.8,49.7,13.3
kalimati,2024-07-05,23.3,63.5,11.7
kalimati,2024-07-06,25.3,61.3,25.6
kalimati,2024-07-07,28.9,88.6,59.9
kalimati,2024-07-08,32.6,66.1,28.3
kalimati,2024-07-09,32.7,81.0,30.0
kalimati,2024-07-10,31.0,77.5,25.8
kalimati,2024-07-11,28.8,74.5,12.1
kalimati,2024-07-12,29.8,97.0,46.9
kalimati,2024-07-13,25.4,75.9,15.8
kalimati,2024-07-14,28.1,79.8,38.4
kalimati,2024-07-15,29.5,68.5,6.7
kalimati,2024-07-16,27.6,68.9,13.8
kalimati,2024-07-17,29.9,64.8,20.1
kalimati,2024-07-18,29.6,85.8,48.8
kalimati,2024-07-19,28.7,56.5,9.5
kalimati,2024-07-20,26.9,69.9,9.2
kalimati,2024-07-21,28.4,61.7,24.5
kalimati,2024-07-22,28.0,61.0,10.1
kalimati,2024-07-23,32.0,66.6,17.8
kalimati,2024-07-24,28.7,79.2,38.9
kalimati,2024-07-25,25.1,68.9,12.6
kalimati,2024-07-26,28.6,71.8,47.2
kalimati,2024-07-27,24.2,87.7,19.7
kalimati,2024-07-28,28.3,63.4,17.9
kalimati,2024-07-29,24.9,65.9,13.5
kalimati,2024-07-30,25.4,76.2,21.0
kalimati,2024-07-31,27.9,67.8,31.5
kalimati,2024-08-01,29.4,70.0,36.4
kalimati,2024-08-02,29.4,60.1,6.2
kalimati,2024-08-03,26.6,52.4,6.3
kalimati,2024-08-04,27.3,78.0,53.7
kalimati,2024-08-05,26.0,61.0,32.8
kalimati,2024-08-06,28.8,64.0,33.6
kalimati,2024-08-07,24.6,62.9,10.7
kalimati,2024-08-08,27.1,76.4,14.0
kalimati,2024-08-09,24.4,66.6,12.8
kalimati,2024-08-10,23.8,76.8,25.2
kalimati,2024-08-11,30.7,92.6,39.7
kalimati,2024-08-12,29.2,75.0,24.0
kalimati,2024-08-13,27.0,73.6,47.3
kalimati,2024-08-14,28.2,74.8,24.4
kalimati,2024-08-15,25.7,75.5,29.8
kalimati,2024-08-16,31.2,61.9,13.1
kalimati,2024-08-17,30.6,81.7,34.8
kalimati,2024-08-18,29.1,72.7,14.9
kalimati,2024-08-19,25.9,69.1,25.8
kalimati,2024-08-20,26.1,75.0,21.5
kalimati,2024-08-21,26.4,64.8,5.3
kalimati,2024-08-22,26.2,67.5,20.1
kalimati,2024-08-23,30.9,63.6,7.0
kalimati,2024-08-24,27.9,77.2,24.1
kalimati,2024-08-25,28.2,62.2,21.1
kalimati,2024-08-26,22.4,73.3,30.1
kalimati,2024-08-27,30.7,69.2,22.0
kalimati,2024-08-28,22.9,63.6,14.1
kalimati,2024-08-29,27.5,82.5,13.6
kalimati,2024-08-30,27.6,64.7,10.2
kalimati,2024-08-31,27.8,63.0,7.4
kalimati,2024-09-01,18.1,56.4,12.6
kalimati,2024-09-02,18.2,66.7,3.5
kalimati,2024-09-03,27.0,57.4,19.5
kalimati,2024-09-04,23.5,72.9,46.9
kalimati,2024-09-05,24.4,83.4,15.4
kalimati,2024-09-06,22.0,72.4,31.0
kalimati,2024-09-07,20.6,69.9,24.9
kalimati,2024-09-08,18.6,82.3,33.4
kalimati,2024-09-09,25.1,77.0,23.2
kalimati,2024-09-10,20.1,66.8,43.5
kalimati,2024-09-11,21.8,73.2,12.5
kalimati,2024-09-12,27.0,73.9,32.0
kalimati,2024-09-13,19.1,73.2,24.4
kalimati,2024-09-14,25.2,83.9,28.9
kalimati,2024-09-15,25.4,77.5,26.5
kalimati,2024-09-16,23.6,56.3,10.8
kalimati,2024-09-17,23.4,71.3,28.9
kalimati,2024-09-18,20.9,84.1,31.1
kalimati,2024-09-19,22.1,70.6,17.2
kalimati,2024-09-20,22.4,68.6,13.4
kalimati,2024-09-21,15.3,70.6,30.8
kalimati,2024-09-22,22.2,57.1,18.1
kalimati,2024-09-23,26.4,59.6,15.6
kalimati,2024-09-24,26.8,87.2,29.9
kalimati,2024-09-25,24.0,68.3,22.5
kalimati,2024-09-26,27.4,64.0,45.1
kalimati,2024-09-27,22.1,69.1,18.0
kalimati,2024-09-28,21.9,84.9,44.1
kalimati,2024-09-29,23.3,77.5,18.7
kalimati,2024-09-30,28.0,80.1,24.6
kalimati,2024-10-01,23.8,72.1,4.4
kalimati,2024-10-02,16.8,57.7,17.2
kalimati,2024-10-03,25.0,66.9,3.2
kalimati,2024-10-04,15.7,67.1,0.7
kalimati,2024-10-05,18.9,75.3,9.1
kalimati,2024-10-06,22.9,47.6,3.4
kalimati,2024-10-07,21.5,54.9,1.4
kalimati,2024-10-08,20.1,56.0,4.1
kalimati,2024-10-09,26.3,63.4,6.7
kalimati,2024-10-10,28.4,65.6,3.0
kalimati,2024-10-11,19.3,69.0,6.5
kalimati,2024-10-12,24.0,57.5,15.6
kalimati,2024-10-13,22.3,47.4,6.1
kalimati,2024-10-14,28.5,44.2,0.5
kalimati,2024-10-15,23.3,53.3,2.8
kalimati,2024-10-16,23.4,61.5,18.1
kalimati,2024-10-17,24.6,67.4,21.8
kalimati,2024-10-18,21.5,68.1,2.5
kalimati,2024-10-19,17.9,58.4,3.4
kalimati,2024-10-20,21.8,57.6,2.4
kalimati,2024-10-21,22.6,77.2,6.6
kalimati,2024-10-22,18.6,48.2,9.9
kalimati,2024-10-23,20.3,74.7,5.2
kalimati,2024-10-24,26.8,58.2,1.3
kalimati,2024-10-25,19.1,72.7,6.6
kalimati,2024-10-26,24.5,65.3,15.7
kalimati,2024-10-27,21.1,71.3,18.8
kalimati,2024-10-28,24.2,61.6,3.1
kalimati,2024-10-29,24.1,62.1,2.4
kalimati,2024-10-30,21.5,65.7,3.6
kalimati,2024-10-31,24.1,66.9,19.2
kalimati,2024-11-01,18.4,59.4,0.4
kalimati,2024-11-02,26.1,55.7,0.1
kalimati,2024-11-03,23.7,65.1,5.5
kalimati,2024-11-04,20.1,67.1,12.0
kalimati,2024-11-05,14.8,62.8,4.1
kalimati,2024-11-06,20.2,64.6,1.1
kalimati,2024-11-07,18.2,64.5,0.9
kalimati,2024-11-08,20.7,74.6,3.0
kalimati,2024-11-09,23.2,63.9,5.8
kalimati,2024-11-10,17.4,60.4,9.7
kalimati,2024-11-11,20.6,58.3,1.8
kalimati,2024-11-12,22.7,56.6,5.2
kalimati,2024-11-13,22.2,58.2,0.2
kalimati,2024-11-14,20.0,60.1,2.3
kalimati,2024-11-15,24.2,57.9,0.6
kalimati,2024-11-16,17.7,58.2,4.9
kalimati,2024-11-17,22.3,80.4,3.6
kalimati,2024-11-18,20.9,68.7,4.0
kalimati,2024-11-19,23.9,80.4,0.3
kalimati,2024-11-20,19.5,72.6,13.6
kalimati,2024-11-21,17.1,73.1,6.4
kalimati,2024-11-22,22.9,71.0,2.5
kalimati,2024-11-23,21.5,76.3,5.4
kalimati,2024-11-24,21.4,54.9,2.1
kalimati,2024-11-25,16.0,79.9,17.6
kalimati,2024-11-26,19.8,79.7,14.7
kalimati,2024-11-27,21.4,58.1,13.7
kalimati,2024-11-28,25.7,66.8,1.2
kalimati,2024-11-29,17.6,62.8,0.6
kalimati,2024-11-30,19.8,57.0,2.7
kalimati,2024-12-01,13.0,72.9,0.4
kalimati,2024-12-02,3.8,47.2,0.4
kalimati,2024-12-03,22.0,60.0,0.9
kalimati,2024-12-04,13.7,55.2,0.4
kalimati,2024-12-05,9.0,39.6,2.0
kalimati,2024-12-06,17.2,57.9,0.1
kalimati,2024-12-07,17.7,56.1,1.3
kalimati,2024-12-08,12.8,54.2,2.1
kalimati,2024-12-09,13.3,42.0,0.3
kalimati,2024-12-10,10.9,55.2,0.2
kalimati,2024-12-11,9.5,47.4,0.5
kalimati,2024-12-12,16.3,70.2,0.6
kalimati,2024-12-13,9.5,57.6,0.2
kalimati,2024-12-14,15.9,46.3,1.3
kalimati,2024-12-15,11.2,66.8,0.1
kalimati,2024-12-16,7.6,68.4,3.5
kalimati,2024-12-17,13.4,47.2,2.5
kalimati,2024-12-18,14.8,68.8,0.4
kalimati,2024-12-19,13.4,59.9,0.4
kalimati,2024-12-20,10.3,53.0,0.3
kalimati,2024-12-21,5.9,54.8,3.4
kalimati,2024-12-22,15.8,62.3,0.3
kalimati,2024-12-23,10.5,64.9,0.0
kalimati,2024-12-24,13.0,56.7,0.5
kalimati,2024-12-25,20.2,57.0,1.2
kalimati,2024-12-26,10.0,65.2,1.9
kalimati,2024-12-27,6.9,63.3,2.0
kalimati,2024-12-28,13.0,62.5,2.3
kalimati,2024-12-29,13.7,60.2,1.8
kalimati,2024-12-30,6.9,63.6,3.2
kalimati,2024-12-31,3.0,67.5,1.5
kalimati,2025-01-01,4.7,49.9,4.0
kalimati,2025-01-02,14.1,70.1,2.2
kalimati,2025-01-03,6.8,53.7,0.8
kalimati,2025-01-04,12.1,66.2,1.1
kalimati,2025-01-05,13.2,59.3,0.2
kalimati,2025-01-06,8.3,59.5,0.2
kalimati,2025-01-07,10.9,74.3,0.1
kalimati,2025-01-08,16.2,62.9,1.6
kalimati,2025-01-09,12.2,64.3,0.4
kalimati,2025-01-10,10.3,72.3,1.6
kalimati,2025-01-11,12.9,48.8,1.6
kalimati,2025-01-12,12.7,62.5,3.4
kalimati,2025-01-13,8.8,61.0,0.7
kalimati,2025-01-14,10.5,43.0,1.1
kalimati,2025-01-15,15.5,66.3,0.2
kalimati,2025-01-16,10.0,46.8,0.5
kalimati,2025-01-17,10.5,43.5,1.3
kalimati,2025-01-18,15.9,55.6,1.2
kalimati,2025-01-19,13.9,69.5,0.1
kalimati,2025-01-20,12.9,46.0,1.0
kalimati,2025-01-21,11.6,71.0,0.2
kalimati,2025-01-22,9.8,45.2,0.2
kalimati,2025-01-23,12.6,57.9,0.4
kalimati,2025-01-24,17.1,55.1,0.3
kalimati,2025-01-25,8.8,47.5,0.9
kalimati,2025-01-26,9.3,56.9,0.4
kalimati,2025-01-27,11.7,57.9,0.2
kalimati,2025-01-28,8.0,59.2,2.8
kalimati,2025-01-29,13.7,54.7,1.0
kalimati,2025-01-30,19.1,55.1,2.0
kalimati,2025-01-31,9.7,72.3,1.3
kalimati,2025-02-01,15.3,64.8,1.1
kalimati,2025-02-02,14.9,56.5,0.1
kalimati,2025-02-03,15.3,45.9,1.9
kalimati,2025-02-04,6.5,53.0,3.0
kalimati,2025-02-05,12.4,62.1,1.4
kalimati,2025-02-06,21.2,53.4,0.0
kalimati,2025-02-07,6.2,72.6,0.4
kalimati,2025-02-08,7.6,57.2,0.1
kalimati,2025-02-09,9.7,70.4,0.1
kalimati,2025-02-10,12.9,79.4,2.1
kalimati,2025-02-11,8.8,58.7,0.8
kalimati,2025-02-12,-0.3,72.5,1.1
kalimati,2025-02-13,4.7,64.3,0.7
kalimati,2025-02-14,14.3,60.0,1.3
kalimati,2025-02-15,8.1,69.4,0.2
kalimati,2025-02-16,2.2,73.2,0.2
kalimati,2025-02-17,12.4,43.0,0.3
kalimati,2025-02-18,17.1,56.6,1.8
kalimati,2025-02-19,9.9,55.0,3.3
kalimati,2025-02-20,8.9,62.7,0.6
kalimati,2025-02-21,14.0,51.7,0.2
kalimati,2025-02-22,19.0,59.9,0.3
kalimati,2025-02-23,10.7,54.0,0.6
kalimati,2025-02-24,13.5,56.9,0.6
kalimati,2025-02-25,13.8,69.9,0.3
kalimati,2025-02-26,9.3,46.9,1.2
kalimati,2025-02-27,14.4,55.6,1.1
kalimati,2025-02-28,12.3,58.9,0.5
kalimati,2025-03-01,20.5,58.8,4.2
kalimati,2025-03-02,25.5,65.7,2.7
kalimati,2025-03-03,13.6,77.2,15.8
kalimati,2025-03-04,21.6,53.1,2.6
kalimati,2025-03-05,22.5,80.9,18.6
kalimati,2025-03-06,19.4,70.3,0.7
kalimati,2025-03-07,18.2,67.4,6.4
kalimati,2025-03-08,22.6,69.0,20.3
kalimati,2025-03-09,27.3,64.7,9.9
kalimati,2025-03-10,21.0,52.3,4.7
kalimati,2025-03-11,19.9,57.6,6.5
kalimati,2025-03-12,23.2,63.3,0.3
kalimati,2025-03-13,16.6,59.4,3.3
kalimati,2025-03-14,18.5,74.5,1.2
kalimati,2025-03-15,24.3,68.2,6.6
kalimati,2025-03-16,23.6,67.0,6.7
kalimati,2025-03-17,20.5,58.1,3.8
kalimati,2025-03-18,18.7,66.4,5.0
kalimati,2025-03-19,23.5,65.8,7.0
kalimati,2025-03-20,18.8,71.0,3.6
kalimati,2025-03-21,27.3,62.8,0.9
kalimati,2025-03-22,28.4,61.9,1.1
kalimati,2025-03-23,20.0,58.7,7.0
kalimati,2025-03-24,23.1,65.3,2.8
kalimati,2025-03-25,18.1,59.9,3.1
kalimati,2025-03-26,19.2,60.9,0.7
kalimati,2025-03-27,26.4,64.8,2.1
kalimati,2025-03-28,19.7,72.0,8.6
kalimati,2025-03-29,25.0,67.6,0.6
kalimati,2025-03-30,22.9,66.1,7.7
kalimati,2025-03-31,21.9,60.0,2.2
kalimati,2025-04-01,26.3,86.8,1.9
kalimati,2025-04-02,19.7,53.0,9.3
kalimati,2025-04-03,23.3,70.0,5.8
kalimati,2025-04-04,22.1,51.6,2.5
kalimati,2025-04-05,22.6,66.0,2.3
kalimati,2025-04-06,19.3,56.2,0.6
kalimati,2025-04-07,22.6,72.9,2.1
kalimati,2025-04-08,20.2,51.5,1.6
kalimati,2025-04-09,17.0,68.9,12.1
kalimati,2025-04-10,25.5,54.7,4.2
kalimati,2025-04-11,29.2,74.1,14.7
kalimati,2025-04-12,23.5,63.7,8.8
kalimati,2025-04-13,23.0,65.4,1.5
kalimati,2025-04-14,18.1,81.1,4.5
kalimati,2025-04-15,25.3,59.7,8.0
kalimati,2025-04-16,24.9,54.5,10.6
kalimati,2025-04-17,22.4,56.3,1.1
kalimati,2025-04-18,17.8,52.4,0.5
kalimati,2025-04-19,20.7,59.9,3.4
kalimati,2025-04-20,20.6,64.2,2.5
kalimati,2025-04-21,23.0,51.2,3.5
kalimati,2025-04-22,25.4,51.1,4.1
kalimati,2025-04-23,20.9,50.1,2.8
kalimati,2025-04-24,20.6,50.8,2.4
kalimati,2025-04-25,25.3,68.8,7.2
kalimati,2025-04-26,22.4,62.4,3.8
kalimati,2025-04-27,17.8,57.9,0.8
kalimati,2025-04-28,14.5,67.3,4.6
kalimati,2025-04-29,28.5,56.3,9.6
kalimati,2025-04-30,25.1,56.8,0.9
kalimati,2025-05-01,23.9,65.5,5.7
kalimati,2025-05-02,19.9,51.7,3.2
kalimati,2025-05-03,19.6,65.2,14.0
kalimati,2025-05-04,17.4,73.5,9.5
kalimati,2025-05-05,21.5,73.2,2.9
kalimati,2025-05-06,25.5,73.3,3.9
kalimati,2025-05-07,25.5,64.5,2.9
kalimati,2025-05-08,22.4,64.3,1.8
kalimati,2025-05-09,23.1,65.4,8.1
kalimati,2025-05-10,21.0,59.5,5.9
kalimati,2025-05-11,22.6,64.5,9.1
kalimati,2025-05-12,19.4,71.7,0.5
kalimati,2025-05-13,16.7,64.0,2.4
kalimati,2025-05-14,27.3,64.9,3.5
kalimati,2025-05-15,22.8,65.0,15.5
kalimati,2025-05-16,19.7,54.9,0.7
kalimati,2025-05-17,22.1,60.7,0.9
kalimati,2025-05-18,25.2,58.3,0.5
kalimati,2025-05-19,23.5,52.4,2.0
kalimati,2025-05-20,25.2,58.1,12.4
kalimati,2025-05-21,26.6,59.5,2.0
kalimati,2025-05-22,24.7,64.4,1.1
kalimati,2025-05-23,22.2,64.0,3.8
kalimati,2025-05-24,18.6,45.1,3.0
kalimati,2025-05-25,21.0,50.2,3.5
kalimati,2025-05-26,23.1,60.1,9.6
kalimati,2025-05-27,21.7,61.9,0.0
kalimati,2025-05-28,17.0,65.8,0.7
kalimati,2025-05-29,20.7,51.9,6.9
kalimati,2025-05-30,24.6,69.8,2.3
kalimati,2025-05-31,28.6,55.5,3.4
kalimati,2025-06-01,27.4,69.5,53.4
kalimati,2025-06-02,31.4,64.6,8.3
kalimati,2025-06-03,25.5,96.9,66.2
kalimati,2025-06-04,28.1,70.3,20.1
kalimati,2025-06-05,28.4,64.1,15.6
kalimati,2025-06-06,29.3,59.0,21.8
kalimati,2025-06-07,32.5,84.0,54.7
kalimati,2025-06-08,25.7,62.5,14.1
kalimati,2025-06-09,30.2,58.3,32.5
kalimati,2025-06-10,26.9,78.3,48.2
kalimati,2025-06-11,25.9,66.0,40.6
kalimati,2025-06-12,28.2,76.1,22.0
kalimati,2025-06-13,25.2,59.9,24.4
kalimati,2025-06-14,26.7,72.5,19.1
kalimati,2025-06-15,33.3,84.8,36.3
kalimati,2025-06-16,23.8,86.9,69.2
kalimati,2025-06-17,29.1,84.8,40.5
kalimati,2025-06-18,28.7,83.5,47.0
kalimati,2025-06-19,32.2,82.3,25.7
kalimati,2025-06-20,32.5,76.1,49.3
kalimati,2025-06-21,25.1,62.2,3.7
kalimati,2025-06-22,29.5,61.1,11.6
kalimati,2025-06-23,29.4,57.8,20.7
kalimati,2025-06-24,22.4,58.8,19.6
kalimati,2025-06-25,31.3,74.2,15.4
kalimati,2025-06-26,21.9,81.7,29.9
kalimati,2025-06-27,26.0,54.0,9.4
kalimati,2025-06-28,31.2,62.4,5.8
kalimati,2025-06-29,31.3,79.4,56.4
kalimati,2025-06-30,35.2,66.9,11.9
kalimati,2025-07-01,28.8,53.8,9.9
kalimati,2025-07-02,25.8,68.3,13.8
kalimati,2025-07-03,29.7,100.0,67.4
kalimati,2025-07-04,24.2,67.4,4.4
kalimati,2025-07-05,22.3,71.1,20.9
kalimati,2025-07-06,24.4,71.2,14.8
kalimati,2025-07-07,29.1,73.8,18.9
kalimati,2025-07-08,27.8,81.4,9.9
kalimati,2025-07-09,27.9,77.5,24.8
kalimati,2025-07-10,26.9,62.4,8.1
kalimati,2025-07-11,26.1,67.0,20.7
kalimati,2025-07-12,30.4,54.8,20.5
kalimati,2025-07-13,28.7,59.7,8.9
kalimati,2025-07-14,24.5,66.3,16.9
kalimati,2025-07-15,26.6,61.7,6.1
kalimati,2025-07-16,35.2,72.2,23.4
kalimati,2025-07-17,26.6,66.7,23.6
kalimati,2025-07-18,25.8,73.7,13.2
kalimati,2025-07-19,24.7,64.2,21.7
kalimati,2025-07-20,30.8,75.9,38.2
kalimati,2025-07-21,26.8,72.6,17.6
kalimati,2025-07-22,28.8,65.0,12.7
kalimati,2025-07-23,28.8,100.0,106.1
kalimati,2025-07-24,29.3,53.2,9.3
kalimati,2025-07-25,31.3,67.2,24.5
kalimati,2025-07-26,29.4,66.8,8.2
kalimati,2025-07-27,26.8,82.3,38.8
kalimati,2025-07-28,26.3,73.1,16.0
kalimati,2025-07-29,26.7,72.4,22.4
kalimati,2025-07-30,28.0,71.3,27.0
kalimati,2025-07-31,29.8,71.6,15.0
kalimati,2025-08-01,26.6,68.6,14.7
kalimati,2025-08-02,29.3,63.2,23.7
kalimati,2025-08-03,28.0,62.2,15.8
kalimati,2025-08-04,27.3,64.9,19.7
kalimati,2025-08-05,24.9,65.4,8.9
kalimati,2025-08-06,26.0,68.9,20.5
kalimati,2025-08-07,30.3,76.2,18.4
kalimati,2025-08-08,34.7,66.1,34.3
kalimati,2025-08-09,27.7,57.0,18.4
kalimati,2025-08-10,28.5,58.3,2.4
kalimati,2025-08-11,25.9,59.6,13.9
kalimati,2025-08-12,29.2,78.6,22.2
kalimati,2025-08-13,27.8,61.8,18.2
kalimati,2025-08-14,18.4,83.5,20.5
kalimati,2025-08-15,26.3,72.0,18.1
kalimati,2025-08-16,32.6,67.1,34.5
kalimati,2025-08-17,30.4,69.6,11.9
kalimati,2025-08-18,29.2,58.3,6.6
kalimati,2025-08-19,30.0,100.0,89.4
kalimati,2025-08-20,28.5,84.9,53.2
kalimati,2025-08-21,30.6,67.9,19.0
kalimati,2025-08-22,29.7,70.9,30.5
kalimati,2025-08-23,23.4,86.3,36.7
kalimati,2025-08-24,32.0,64.4,12.0
kalimati,2025-08-25,30.6,85.6,47.5
kalimati,2025-08-26,27.4,62.6,23.0
kalimati,2025-08-27,30.4,55.3,4.6
kalimati,2025-08-28,31.6,57.6,8.9
kalimati,2025-08-29,30.2,69.8,35.5
kalimati,2025-08-30,25.5,70.1,20.2
kalimati,2025-08-31,24.4,65.2,15.9
kalimati,2025-09-01,19.7,83.7,44.9
kalimati,2025-09-02,23.2,71.7,20.8
kalimati,2025-09-03,22.2,74.7,55.7
kalimati,2025-09-04,21.6,54.0,10.7
kalimati,2025-09-05,19.8,72.9,17.5
kalimati,2025-09-06,19.8,69.5,14.7
kalimati,2025-09-07,21.5,77.3,32.0
kalimati,2025-09-08,25.1,75.8,51.0
kalimati,2025-09-09,20.4,69.5,29.4
kalimati,2025-09-10,25.4,82.6,20.2
kalimati,2025-09-11,19.8,75.6,40.9
kalimati,2025-09-12,23.1,66.7,28.1
kalimati,2025-09-13,27.3,91.9,61.9
kalimati,2025-09-14,17.9,69.6,23.4
kalimati,2025-09-15,14.3,74.1,46.6
kalimati,2025-09-16,23.8,70.6,18.8
kalimati,2025-09-17,12.3,73.9,11.4
kalimati,2025-09-18,23.3,77.7,26.6
kalimati,2025-09-19,21.4,53.1,9.4
kalimati,2025-09-20,22.3,71.0,25.8
kalimati,2025-09-21,26.8,56.1,15.7
kalimati,2025-09-22,21.5,66.7,25.9
kalimati,2025-09-23,24.6,63.1,11.5
kalimati,2025-09-24,25.6,65.2,20.6
kalimati,2025-09-25,24.1,67.3,29.8
kalimati,2025-09-26,20.2,73.5,13.2
kalimati,2025-09-27,23.4,94.3,35.6
kalimati,2025-09-28,21.9,74.8,23.1
kalimati,2025-09-29,16.3,69.9,27.0
kalimati,2025-09-30,26.4,65.9,17.7
kalimati,2025-10-01,20.7,67.5,19.7
kalimati,2025-10-02,23.3,72.4,1.6
kalimati,2025-10-03,20.7,61.5,0.3
kalimati,2025-10-04,22.6,49.2,0.5
kalimati,2025-10-05,21.8,68.8,3.4
kalimati,2025-10-06,25.5,45.1,5.5
kalimati,2025-10-07,22.7,63.3,1.0
kalimati,2025-10-08,22.3,68.7,0.9
kalimati,2025-10-09,17.5,53.0,0.4
kalimati,2025-10-10,22.5,63.5,5.5
kalimati,2025-10-11,25.3,56.2,4.9
kalimati,2025-10-12,22.2,67.6,6.5
kalimati,2025-10-13,23.6,66.9,0.1
kalimati,2025-10-14,24.3,58.6,0.6
kalimati,2025-10-15,27.0,53.0,0.1
kalimati,2025-10-16,21.1,61.1,7.0
kalimati,2025-10-17,19.5,71.1,4.2
kalimati,2025-10-18,17.9,52.3,11.3
kalimati,2025-10-19,22.0,62.9,3.6
kalimati,2025-10-20,21.6,46.8,7.9
kalimati,2025-10-21,16.9,63.0,6.4
kalimati,2025-10-22,24.9,53.7,0.6
kalimati,2025-10-23,25.4,49.5,3.1
kalimati,2025-10-24,23.0,67.2,0.8
kalimati,2025-10-25,18.8,57.7,6.4
kalimati,2025-10-26,22.7,60.4,0.6
kalimati,2025-10-27,25.5,59.2,3.7
kalimati,2025-10-28,26.2,64.9,6.1
kalimati,2025-10-29,24.5,65.3,12.7
kalimati,2025-10-30,21.6,82.2,5.8
kalimati,2025-10-31,25.5,54.5,3.4
kalimati,2025-11-01,20.7,45.9,1.7
kalimati,2025-11-02,19.6,69.4,2.0
kalimati,2025-11-03,22.8,78.3,1.4
kalimati,2025-11-04,21.2,66.9,6.2
kalimati,2025-11-05,21.4,57.6,7.5
kalimati,2025-11-06,22.2,73.4,1.5
kalimati,2025-11-07,20.9,62.6,6.2
kalimati,2025-11-08,16.4,60.3,1.1
kalimati,2025-11-09,20.8,59.0,1.7
kalimati,2025-11-10,23.1,60.2,10.9
kalimati,2025-11-11,22.8,47.6,0.7
kalimati,2025-11-12,26.3,70.1,6.5
kalimati,2025-11-13,21.4,60.6,0.4
kalimati,2025-11-14,21.7,60.8,0.9
kalimati,2025-11-15,22.7,67.9,1.7
kalimati,2025-11-16,20.0,66.8,7.5
kalimati,2025-11-17,25.3,77.6,3.2
kalimati,2025-11-18,23.9,60.4,6.1
kalimati,2025-11-19,18.9,66.6,0.0
kalimati,2025-11-20,25.8,73.9,10.1
kalimati,2025-11-21,23.2,51.8,1.2
kalimati,2025-11-22,19.8,67.7,15.6
kalimati,2025-11-23,25.0,55.2,1.0
kalimati,2025-11-24,23.3,48.5,4.6
kalimati,2025-11-25,22.9,68.7,19.0
kalimati,2025-11-26,20.1,72.4,13.3
kalimati,2025-11-27,26.1,68.1,10.9
kalimati,2025-11-28,19.5,56.7,1.7
kalimati,2025-11-29,21.6,61.7,1.3
kalimati,2025-11-30,26.1,66.8,0.6
kalimati,2025-12-01,12.8,61.8,0.8
kalimati,2025-12-02,8.9,60.9,1.8
kalimati,2025-12-03,12.4,52.2,0.6
kalimati,2025-12-04,14.4,47.0,0.0
kalimati,2025-12-05,12.7,69.5,0.8
kalimati,2025-12-06,7.3,62.9,2.4
kalimati,2025-12-07,11.2,69.9,1.4
kalimati,2025-12-08,9.8,54.4,0.3
kalimati,2025-12-09,11.5,53.0,0.7
kalimati,2025-12-10,15.3,55.6,0.8
kalimati,2025-12-11,9.3,49.1,0.7
kalimati,2025-12-12,6.8,53.5,0.2
kalimati,2025-12-13,8.3,70.7,0.0
kalimati,2025-12-14,13.9,54.3,0.0
kalimati,2025-12-15,13.8,55.0,0.0
kalimati,2025-12-16,16.2,57.6,0.7
kalimati,2025-12-17,13.4,55.8,0.5
kalimati,2025-12-18,11.4,64.2,0.8
kalimati,2025-12-19,8.7,68.3,2.5
kalimati,2025-12-20,11.8,64.4,0.2
kalimati,2025-12-21,18.9,50.0,0.7
kalimati,2025-12-22,5.4,68.6,0.6
kalimati,2025-12-23,14.5,77.4,0.5
kalimati,2025-12-24,6.8,55.9,0.9
kalimati,2025-12-25,19.0,69.1,1.0
kalimati,2025-12-26,11.2,63.0,0.7
kalimati,2025-12-27,14.8,73.2,2.9
kalimati,2025-12-28,4.1,55.5,1.1
kalimati,2025-12-29,15.0,76.4,0.8
kalimati,2025-12-30,8.6,62.5,2.1
kalimati,2025-12-31,15.0,70.8,1.4
asan,2024-01-01,9.5,62.0,2.1
asan,2024-01-02,9.7,49.8,0.4
asan,2024-01-03,6.0,51.3,1.2
asan,2024-01-04,5.6,50.6,0.0
asan,2024-01-05,11.4,72.0,2.1
asan,2024-01-06,6.9,60.0,1.0
asan,2024-01-07,9.3,64.2,1.9
asan,2024-01-08,5.9,60.6,0.9
asan,2024-01-09,15.2,73.8,1.4
asan,2024-01-10,16.4,71.3,0.1
asan,2024-01-11,12.8,59.6,0.3
asan,2024-01-12,13.5,62.0,0.6
asan,2024-01-13,14.4,46.4,0.1
asan,2024-01-14,10.5,60.2,1.0
asan,2024-01-15,3.4,60.7,0.2
asan,2024-01-16,10.1,57.1,0.2
asan,2024-01-17,11.7,52.5,1.2
asan,2024-01-18,15.3,59.3,0.6
asan,2024-01-19,9.8,50.6,0.5
asan,2024-01-20,9.6,57.7,0.8
asan,2024-01-21,4.2,46.5,0.3
asan,2024-01-22,11.7,55.5,1.0
asan,2024-01-23,16.0,66.8,0.8
asan,2024-01-24,5.2,65.4,1.0
asan,2024-01-25,9.7,68.2,0.9
asan,2024-01-26,15.5,45.3,1.6
asan,2024-01-27,11.0,52.8,2.1
asan,2024-01-28,12.5,57.5,0.2
asan,2024-01-29,18.4,64.1,1.9
asan,2024-01-30,6.6,63.9,1.3
asan,2024-01-31,17.1,61.4,0.7
asan,2024-02-01,2.8,64.7,0.4
asan,2024-02-02,12.5,54.5,0.0
asan,2024-02-03,10.1,54.9,4.4
asan,2024-02-04,12.6,56.3,0.4
asan,2024-02-05,12.5,59.4,2.1
asan,2024-02-06,10.8,59.4,0.5
asan,2024-02-07,15.6,73.8,0.1
asan,2024-02-08,17.2,65.8,0.1
asan,2024-02-09,14.5,63.8,3.6
asan,2024-02-10,21.4,55.6,0.9
asan,2024-02-11,6.2,51.1,0.8
asan,2024-02-12,13.5,49.7,3.4
asan,2024-02-13,12.8,61.8,0.5
asan,2024-02-14,18.4,66.3,1.4
asan,2024-02-15,14.4,43.6,2.5
asan,2024-02-16,13.8,63.9,0.5
asan,2024-02-17,13.2,64.1,1.8
asan,2024-02-18,15.5,54.6,2.3
asan,2024-02-19,6.5,58.3,3.5
asan,2024-02-20,12.7,55.5,0.7
asan,2024-02-21,7.1,55.7,0.2
asan,2024-02-22,16.9,64.6,0.2
asan,2024-02-23,6.4,68.3,0.4
asan,2024-02-24,11.1,76.5,6.5
asan,2024-02-25,10.7,63.8,0.9
asan,2024-02-26,11.5,58.8,0.3
asan,2024-02-27,10.7,66.3,0.4
asan,2024-02-28,5.5,63.1,0.2
asan,2024-02-29,14.4,62.1,2.0
asan,2024-03-01,18.7,60.6,2.1
asan,2024-03-02,25.5,59.1,1.5
asan,2024-03-03,20.6,63.6,2.8
asan,2024-03-04,17.2,67.5,7.4
asan,2024-03-05,19.1,70.0,15.0
asan,2024-03-06,18.4,76.5,21.2
asan,2024-03-07,18.5,67.7,2.7
asan,2024-03-08,18.9,54.9,2.3
asan,2024-03-09,22.9,54.5,2.3
asan,2024-03-10,26.3,68.5,2.2
asan,2024-03-11,20.5,46.6,2.6
asan,2024-03-12,22.5,67.0,20.0
asan,2024-03-13,23.4,66.7,15.2
asan,2024-03-14,20.5,61.1,2.7
asan,2024-03-15,19.9,78.3,5.8
asan,2024-03-16,20.0,70.6,2.5
asan,2024-03-17,21.5,62.0,4.2
asan,2024-03-18,22.7,60.3,1.6
asan,2024-03-19,18.9,44.4,3.6
asan,2024-03-20,23.9,50.2,0.4
asan,2024-03-21,23.9,69.8,1.8
asan,2024-03-22,15.6,55.3,0.2
asan,2024-03-23,24.3,73.1,0.4
asan,2024-03-24,27.1,62.8,1.2
asan,2024-03-25,17.8,77.0,0.2
asan,2024-03-26,25.9,58.8,2.2
asan,2024-03-27,27.4,68.2,12.2
asan,2024-03-28,20.0,65.0,3.5
asan,2024-03-29,23.8,70.1,6.3
asan,2024-03-30,24.2,66.3,9.1
asan,2024-03-31,26.5,62.6,2.3
asan,2024-04-01,20.9,68.9,0.1
asan,2024-04-02,18.1,56.4,1.5
asan,2024-04-03,25.6,55.6,9.7
asan,2024-04-04,23.8,63.0,2.5
asan,2024-04-05,21.9,68.1,1.5
asan,2024-04-06,26.2,53.1,2.1
asan,2024-04-07,25.6,59.2,1.1
asan,2024-04-08,21.2,56.3,0.9
asan,2024-04-09,26.1,67.5,2.0
asan,2024-04-10,23.7,55.5,5.4
asan,2024-04-11,24.0,61.6,0.9
asan,2024-04-12,20.6,64.0,1.9
asan,2024-04-13,26.0,49.9,1.6
asan,2024-04-14,22.1,62.6,10.5
asan,2024-04-15,21.7,72.2,6.6
asan,2024-04-16,19.0,56.0,8.8
asan,2024-04-17,24.4,56.5,4.8
asan,2024-04-18,21.0,57.4,1.0
asan,2024-04-19,22.0,71.0,11.1
asan,2024-04-20,23.0,40.4,0.7
asan,2024-04-21,22.1,58.2,6.7
asan,2024-04-22,21.9,79.6,9.7
asan,2024-04-23,25.6,75.6,5.3
asan,2024-04-24,26.4,44.2,3.3
asan,2024-04-25,20.6,68.5,0.6
asan,2024-04-26,16.9,65.9,8.8
asan,2024-04-27,16.5,46.1,0.8
asan,2024-04-28,28.2,56.3,7.6
asan,2024-04-29,20.7,58.5,3.7
asan,2024-04-30,17.3,56.1,1.6
asan,2024-05-01,20.2,60.9,8.3
asan,2024-05-02,21.0,65.7,3.6
asan,2024-05-03,22.8,58.9,2.9
asan,2024-05-04,20.8,50.3,1.3
asan,2024-05-05,25.3,56.8,2.3
asan,2024-05-06,23.0,67.6,7.0
asan,2024-05-07,26.0,66.5,2.1
asan,2024-05-08,21.3,78.0,9.0
asan,2024-05-09,22.6,61.9,1.8
asan,2024-05-10,21.7,57.9,1.4
asan,2024-05-11,22.3,56.0,2.5
asan,2024-05-12,23.0,42.4,0.2
asan,2024-05-13,21.6,72.5,2.9
asan,2024-05-14,20.2,66.7,0.6
asan,2024-05-15,14.8,70.6,0.9
asan,2024-05-16,21.8,55.9,4.3
asan,2024-05-17,17.9,57.3,0.8
asan,2024-05-18,27.2,59.0,20.4
asan,2024-05-19,21.1,60.0,5.5
asan,2024-05-20,21.8,55.2,8.4
asan,2024-05-21,21.4,77.2,6.9
asan,2024-05-22,23.0,68.2,3.8
asan,2024-05-23,24.5,57.9,2.6
asan,2024-05-24,19.9,65.3,3.9
asan,2024-05-25,25.3,64.4,1.1
asan,2024-05-26,18.9,76.5,4.2
asan,2024-05-27,22.0,73.2,6.8
asan,2024-05-28,28.2,57.6,0.7
asan,2024-05-29,21.0,69.0,0.2
asan,2024-05-30,23.5,65.5,15.4
asan,2024-05-31,22.9,63.6,0.2
asan,2024-06-01,28.4,61.1,9.4
asan,2024-06-02,28.1,70.2,9.6
asan,2024-06-03,23.8,73.1,33.0
asan,2024-06-04,28.2,51.3,4.5
asan,2024-06-05,28.5,57.1,18.2
asan,2024-06-06,25.6,66.7,28.3
asan,2024-06-07,26.3,58.1,5.9
asan,2024-06-08,23.1,65.2,25.9
asan,2024-06-09,26.5,60.8,28.1
asan,2024-06-10,26.3,80.9,21.6
asan,2024-06-11,21.7,70.5,17.9
asan,2024-06-12,28.7,86.1,22.6
asan,2024-06-13,19.5,68.4,15.1
asan,2024-06-14,28.7,71.6,25.8
asan,2024-06-15,24.4,83.5,51.4
asan,2024-06-16,33.2,68.2,9.7
asan,2024-06-17,30.4,53.6,7.1
asan,2024-06-18,25.9,67.9,22.9
asan,2024-06-19,24.9,82.1,28.8
asan,2024-06-20,21.4,73.1,30.7
asan,2024-06-21,28.6,70.1,21.3
asan,2024-06-22,29.3,95.1,70.6
asan,2024-06-23,29.0,66.4,7.0
asan,2024-06-24,24.8,100.0,53.2
asan,2024-06-25,31.8,79.3,9.1
asan,2024-06-26,27.0,84.5,38.3
asan,2024-06-27,25.6,71.4,27.6
asan,2024-06-28,27.7,80.2,47.9
asan,2024-06-29,36.4,85.0,25.4
asan,2024-06-30,29.7,61.7,5.9
asan,2024-07-01,29.6,72.3,25.3
asan,2024-07-02,30.3,77.9,29.9
asan,2024-07-03,27.7,66.3,29.4
asan,2024-07-04,27.8,75.6,16.7
asan,2024-07-05,25.2,64.9,17.1
asan,2024-07-06,24.8,71.4,22.8
asan,2024-07-07,22.9,88.1,53.5
asan,2024-07-08,34.7,66.2,21.2
asan,2024-07-09,27.2,73.8,27.4
asan,2024-07-10,31.4,73.4,15.6
asan,2024-07-11,26.7,65.3,8.2
asan,2024-07-12,34.3,64.2,16.0
asan,2024-07-13,27.7,71.6,8.1
asan,2024-07-14,28.3,85.9,10.9
asan,2024-07-15,28.5,57.4,13.4
asan,2024-07-16,24.9,69.5,34.9
asan,2024-07-17,26.9,75.8,5.9
asan,2024-07-18,23.2,65.2,25.8
asan,2024-07-19,23.5,74.0,29.0
asan,2024-07-20,26.3,63.6,7.1
asan,2024-07-21,29.1,65.7,18.4
asan,2024-07-22,32.1,89.0,44.7
asan,2024-07-23,31.1,82.5,21.2
asan,2024-07-24,28.2,91.8,50.8
asan,2024-07-25,28.6,57.5,9.4
asan,2024-07-26,32.4,71.9,42.9
asan,2024-07-27,26.2,79.6,20.3
asan,2024-07-28,30.5,73.0,27.4
asan,2024-07-29,30.7,100.0,98.2
asan,2024-07-30,27.3,73.8,7.4
asan,2024-07-31,30.4,61.4,11.5
asan,2024-08-01,28.6,76.8,41.9
asan,2024-08-02,28.5,74.8,31.5
asan,2024-08-03,28.9,96.5,64.0
asan,2024-08-04,30.1,88.6,20.8
asan,2024-08-05,23.5,61.5,18.7
asan,2024-08-06,25.4,72.5,21.1
asan,2024-08-07,26.6,70.3,49.7
asan,2024-08-08,26.0,65.6,14.3
asan,2024-08-09,26.6,85.6,33.8
asan,2024-08-10,30.0,81.7,12.0
asan,2024-08-11,26.2,72.4,24.5
asan,2024-08-12,26.1,93.8,63.8
asan,2024-08-13,25.8,60.0,12.3
asan,2024-08-14,23.7,86.2,41.5
asan,2024-08-15,29.2,62.1,11.9
asan,2024-08-16,28.2,72.7,43.2
asan,2024-08-17,27.8,72.2,27.6
asan,2024-08-18,32.2,74.7,46.3
asan,2024-08-19,32.2,54.3,8.7
asan,2024-08-20,22.8,66.2,7.7
asan,2024-08-21,26.0,70.5,21.4
asan,2024-08-22,28.2,82.9,48.1
asan,2024-08-23,26.4,58.8,11.2
asan,2024-08-24,30.2,78.4,22.5
asan,2024-08-25,26.6,45.0,18.7
asan,2024-08-26,25.9,66.8,10.2
asan,2024-08-27,27.9,70.2,22.0
asan,2024-08-28,26.0,78.9,47.9
asan,2024-08-29,30.4,65.6,22.6
asan,2024-08-30,27.2,61.9,11.4
asan,2024-08-31,31.0,64.5,20.8
asan,2024-09-01,22.7,71.2,27.6
asan,2024-09-02,20.6,75.5,8.6
asan,2024-09-03,20.0,79.2,25.1
asan,2024-09-04,27.2,74.0,18.9
asan,2024-09-05,25.5,69.2,18.0
asan,2024-09-06,18.2,60.0,22.1
asan,2024-09-07,20.6,82.9,15.5
asan,2024-09-08,25.0,62.3,9.0
asan,2024-09-09,22.4,70.5,26.6
asan,2024-09-10,18.0,75.0,22.4
asan,2024-09-11,21.5,74.4,20.8
asan,2024-09-12,21.0,73.6,21.5
asan,2024-09-13,21.7,82.2,33.7
asan,2024-09-14,27.3,68.4,39.7
asan,2024-09-15,20.1,55.0,13.1
asan,2024-09-16,26.3,90.4,51.8
asan,2024-09-17,26.3,77.1,37.6
asan,2024-09-18,20.6,74.5,43.3
asan,2024-09-19,27.7,71.5,19.0
asan,2024-09-20,22.8,100.0,90.0
asan,2024-09-21,23.1,77.4,24.2
asan,2024-09-22,22.1,65.7,22.6
asan,2024-09-23,22.6,65.4,20.6
asan,2024-09-24,19.4,72.4,24.5
asan,2024-09-25,20.1,58.7,15.2
asan,2024-09-26,24.9,65.6,19.1
asan,2024-09-27,27.2,66.4,38.9
asan,2024-09-28,22.9,56.5,21.4
asan,2024-09-29,16.7,100.0,84.7
asan,2024-09-30,22.1,100.0,75.5
asan,2024-10-01,25.5,73.3,1.6
asan,2024-10-02,23.2,80.8,2.8
asan,2024-10-03,21.4,45.9,6.3
asan,2024-10-04,24.2,68.6,7.2
asan,2024-10-05,20.7,51.7,2.2
asan,2024-10-06,20.9,66.1,6.4
asan,2024-10-07,16.2,55.2,0.5
asan,2024-10-08,19.0,68.6,4.9
asan,2024-10-09,26.7,55.8,1.6
asan,2024-10-10,22.1,67.5,0.3
asan,2024-10-11,22.1,62.9,4.8
asan,2024-10-12,23.6,55.1,7.5
asan,2024-10-13,21.5,66.2,0.1
asan,2024-10-14,21.9,57.7,2.2
asan,2024-10-15,22.4,54.5,0.1
asan,2024-10-16,20.3,60.2,9.3
asan,2024-10-17,20.7,68.6,2.4
asan,2024-10-18,20.3,65.1,5.7
asan,2024-10-19,17.2,61.0,3.5
asan,2024-10-20,22.6,58.8,1.9
asan,2024-10-21,23.1,76.8,6.6
asan,2024-10-22,28.1,74.4,4.8
asan,2024-10-23,15.7,69.8,9.4
asan,2024-10-24,17.7,75.2,6.8
asan,2024-10-25,20.9,69.4,6.2
asan,2024-10-26,22.7,54.6,1.4
asan,2024-10-27,22.5,62.5,5.0
asan,2024-10-28,22.3,71.5,5.0
asan,2024-10-29,22.6,83.6,9.5
asan,2024-10-30,17.2,62.2,18.4
asan,2024-10-31,21.9,51.9,6.5
asan,2024-11-01,27.7,57.5,0.3
asan,2024-11-02,19.2,62.7,13.5
asan,2024-11-03,23.2,54.7,1.9
asan,2024-11-04,24.6,72.2,14.3
asan,2024-11-05,21.8,64.5,4.1
asan,2024-11-06,21.2,75.5,30.0
asan,2024-11-07,21.4,71.5,5.0
asan,2024-11-08,23.0,59.8,2.6
asan,2024-11-09,21.0,66.5,2.6
asan,2024-11-10,26.2,64.6,15.9
asan,2024-11-11,19.2,64.1,1.4
asan,2024-11-12,27.7,60.0,2.9
asan,2024-11-13,21.8,52.5,3.4
asan,2024-11-14,29.7,66.9,4.4
asan,2024-11-15,28.8,54.5,2.6
asan,2024-11-16,18.7,69.3,5.9
asan,2024-11-17,21.7,58.3,1.1
asan,2024-11-18,23.2,60.6,2.2
asan,2024-11-19,19.4,71.8,13.5
asan,2024-11-20,25.2,85.6,8.1
asan,2024-11-21,17.5,62.0,10.3
asan,2024-11-22,21.4,65.4,5.4
asan,2024-11-23,18.2,70.7,2.8
asan,2024-11-24,20.5,61.6,1.1
asan,2024-11-25,24.8,53.0,0.8
asan,2024-11-26,21.9,67.3,1.1
asan,2024-11-27,21.3,69.7,11.1
asan,2024-11-28,22.6,69.1,2.4
asan,2024-11-29,24.0,54.3,5.2
asan,2024-11-30,20.4,63.5,11.2
asan,2024-12-01,8.2,51.8,1.9
asan,2024-12-02,15.9,56.6,1.2
asan,2024-12-03,3.1,54.1,0.4
asan,2024-12-04,6.4,63.6,0.2
asan,2024-12-05,13.9,69.6,2.0
asan,2024-12-06,9.4,51.4,0.3
asan,2024-12-07,9.0,52.8,2.4
asan,2024-12-08,8.7,55.1,0.4
asan,2024-12-09,15.5,67.7,0.2
asan,2024-12-10,12.8,59.6,4.4
asan,2024-12-11,8.8,55.7,0.1
asan,2024-12-12,4.2,59.6,0.8
asan,2024-12-13,13.5,66.4,0.2
asan,2024-12-14,13.8,63.2,0.0
asan,2024-12-15,17.3,45.0,1.9
asan,2024-12-16,15.8,83.5,2.5
asan,2024-12-17,12.4,63.7,0.1
asan,2024-12-18,15.5,58.8,1.2
asan,2024-12-19,17.1,55.4,1.4
asan,2024-12-20,18.3,56.9,0.5
asan,2024-12-21,12.6,58.4,0.2
asan,2024-12-22,9.2,68.0,1.5
asan,2024-12-23,13.5,54.1,1.6
asan,2024-12-24,7.3,51.0,0.1
asan,2024-12-25,7.4,54.3,3.3
asan,2024-12-26,9.5,71.8,1.2
asan,2024-12-27,5.9,67.4,1.5
asan,2024-12-28,23.0,57.3,1.0
asan,2024-12-29,17.6,67.6,1.7
asan,2024-12-30,11.7,72.6,2.7
asan,2024-12-31,10.0,51.1,2.4
asan,2025-01-01,6.2,61.2,1.8
asan,2025-01-02,9.9,67.0,1.7
asan,2025-01-03,9.9,70.1,0.4
asan,2025-01-04,13.6,55.1,0.3
asan,2025-01-05,15.7,45.2,0.7
asan,2025-01-06,4.0,52.6,1.0
asan,2025-01-07,12.3,61.5,1.9
asan,2025-01-08,8.2,54.1,0.1
asan,2025-01-09,15.6,57.1,1.9
asan,2025-01-10,6.9,72.2,2.4
asan,2025-01-11,11.6,62.6,0.2
asan,2025-01-12,10.1,57.2,1.2
asan,2025-01-13,15.8,65.7,0.4
asan,2025-01-14,10.2,72.3,1.3
asan,2025-01-15,7.7,69.5,1.2
asan,2025-01-16,10.1,53.1,0.5
asan,2025-01-17,14.5,62.0,1.0
asan,2025-01-18,13.6,39.7,0.2
asan,2025-01-19,17.7,60.6,0.2
asan,2025-01-20,12.6,67.9,1.4
asan,2025-01-21,13.5,63.3,0.1
asan,2025-01-22,14.2,70.4,0.4
asan,2025-01-23,11.5,65.6,0.4
asan,2025-01-24,8.5,51.7,1.7
asan,2025-01-25,11.3,61.2,0.2
asan,2025-01-26,16.1,61.3,0.6
asan,2025-01-27,17.2,64.2,0.4
asan,2025-01-28,15.7,61.8,1.2
asan,2025-01-29,10.4,60.8,0.5
asan,2025-01-30,9.3,59.0,3.4
asan,2025-01-31,19.1,41.0,0.8
asan,2025-02-01,5.9,52.1,3.4
asan,2025-02-02,8.8,64.0,0.8
asan,2025-02-03,8.2,45.7,2.8
asan,2025-02-04,16.0,62.7,1.4
asan,2025-02-05,12.5,67.1,1.2
asan,2025-02-06,7.4,67.9,0.1
asan,2025-02-07,9.8,70.8,2.1
asan,2025-02-08,21.6,49.9,0.1
asan,2025-02-09,9.2,54.9,1.8
asan,2025-02-10,15.5,68.8,0.4
asan,2025-02-11,19.2,45.1,1.3
asan,2025-02-12,8.9,54.1,2.9
asan,2025-02-13,8.9,56.6,0.6
asan,2025-02-14,15.3,55.3,0.0
asan,2025-02-15,15.8,63.7,0.1
asan,2025-02-16,9.9,58.6,1.5
asan,2025-02-17,7.2,73.7,0.6
asan,2025-02-18,8.5,66.8,2.2
asan,2025-02-19,9.1,70.3,1.6
asan,2025-02-20,6.4,59.0,0.4
asan,2025-02-21,10.2,48.6,1.9
asan,2025-02-22,13.3,61.4,2.2
asan,2025-02-23,8.6,67.7,2.5
asan,2025-02-24,11.3,53.7,0.6
asan,2025-02-25,12.3,60.2,2.1
asan,2025-02-26,17.5,75.2,0.0
asan,2025-02-27,4.1,55.1,3.7
asan,2025-02-28,11.5,80.9,0.7
asan,2025-03-01,22.3,55.0,3.0
asan,2025-03-02,21.1,53.4,11.1
asan,2025-03-03,18.6,59.0,0.6
asan,2025-03-04,22.7,62.7,10.9
asan,2025-03-05,21.2,68.7,3.9
asan,2025-03-06,22.1,70.6,16.0
asan,2025-03-07,16.7,65.6,3.6
asan,2025-03-08,21.8,53.6,8.4
asan,2025-03-09,28.8,45.1,12.0
asan,2025-03-10,18.2,72.0,6.7
asan,2025-03-11,18.2,73.1,5.7
asan,2025-03-12,17.6,56.8,0.2
asan,2025-03-13,24.1,67.8,0.6
asan,2025-03-14,21.4,65.4,2.3
asan,2025-03-15,24.5,61.9,4.8
asan,2025-03-16,24.0,67.2,2.8
asan,2025-03-17,21.4,67.9,13.3
asan,2025-03-18,23.8,57.2,0.4
asan,2025-03-19,19.7,73.2,11.7
asan,2025-03-20,23.9,61.0,7.6
asan,2025-03-21,23.6,56.7,3.4
asan,2025-03-22,19.1,63.3,6.0
asan,2025-03-23,22.7,66.7,4.8
asan,2025-03-24,29.8,55.7,1.2
asan,2025-03-25,24.7,65.2,0.0
asan,2025-03-26,23.0,56.5,4.4
asan,2025-03-27,22.5,54.9,7.4
asan,2025-03-28,26.2,59.9,15.4
asan,2025-03-29,22.0,77.0,15.0
asan,2025-03-30,17.9,72.8,9.0
asan,2025-03-31,18.6,63.1,6.3
asan,2025-04-01,21.4,80.0,22.9
asan,2025-04-02,19.8,64.4,1.1
asan,2025-04-03,22.0,59.2,0.8
asan,2025-04-04,20.3,68.0,6.5
asan,2025-04-05,19.2,62.0,3.3
asan,2025-04-06,23.9,55.6,4.3
asan,2025-04-07,21.1,59.4,0.8
asan,2025-04-08,15.3,60.5,2.1
asan,2025-04-09,16.6,65.0,9.1
asan,2025-04-10,21.6,71.6,3.6
asan,2025-04-11,24.5,64.3,3.6
asan,2025-04-12,19.2,54.2,3.4
asan,2025-04-13,24.1,62.2,0.5
asan,2025-04-14,17.6,59.0,3.2
asan,2025-04-15,23.2,77.8,1.8
asan,2025-04-16,27.7,74.0,8.1
asan,2025-04-17,22.4,65.2,4.1
asan,2025-04-18,24.7,48.7,1.8
asan,2025-04-19,20.0,61.5,3.0
asan,2025-04-20,21.9,60.1,11.5
asan,2025-04-21,24.0,69.5,19.9
asan,2025-04-22,20.3,81.0,19.8
asan,2025-04-23,16.8,59.1,0.4
asan,2025-04-24,21.2,66.2,24.8
asan,2025-04-25,29.0,68.2,0.4
asan,2025-04-26,24.1,72.9,2.6
asan,2025-04-27,22.7,72.2,3.9
asan,2025-04-28,23.1,60.1,1.0
asan,2025-04-29,27.3,72.9,15.0
asan,2025-04-30,22.4,64.2,1.4
asan,2025-05-01,13.8,72.7,0.3
asan,2025-05-02,20.5,58.8,0.3
asan,2025-05-03,25.1,70.9,0.6
asan,2025-05-04,25.6,50.7,13.3
asan,2025-05-05,21.4,73.5,12.3
asan,2025-05-06,21.5,82.8,31.3
asan,2025-05-07,19.4,74.3,11.8
asan,2025-05-08,22.5,54.4,10.6
asan,2025-05-09,21.8,70.6,4.7
asan,2025-05-10,24.5,58.4,0.5
asan,2025-05-11,23.9,48.5,4.6
asan,2025-05-12,21.9,54.6,5.1
asan,2025-05-13,26.0,75.2,9.6
asan,2025-05-14,18.9,56.4,3.5
asan,2025-05-15,26.4,61.2,5.5
asan,2025-05-16,26.1,63.0,1.9
asan,2025-05-17,21.7,68.3,1.3
asan,2025-05-18,20.5,69.5,16.0
asan,2025-05-19,23.7,74.1,0.8
asan,2025-05-20,14.8,85.8,15.3
asan,2025-05-21,18.2,63.1,2.4
asan,2025-05-22,25.8,59.8,2.9
asan,2025-05-23,22.0,56.8,1.1
asan,2025-05-24,17.9,62.9,3.0
asan,2025-05-25,19.0,41.4,0.2
asan,2025-05-26,18.1,60.3,1.4
asan,2025-05-27,23.7,62.4,11.7
asan,2025-05-28,21.4,53.0,3.8
asan,2025-05-29,26.7,58.7,1.6
asan,2025-05-30,19.1,50.9,5.1
asan,2025-05-31,18.1,57.6,0.6
asan,2025-06-01,28.8,61.8,11.8
asan,2025-06-02,20.9,75.6,19.6
asan,2025-06-03,28.9,66.5,16.9
asan,2025-06-04,31.3,86.5,48.1
asan,2025-06-05,26.6,71.7,7.7
asan,2025-06-06,25.2,71.1,21.9
asan,2025-06-07,31.0,89.2,51.2
asan,2025-06-08,30.1,67.8,24.1
asan,2025-06-09,25.6,64.1,28.0
asan,2025-06-10,27.0,92.4,51.5
asan,2025-06-11,27.0,44.7,11.5
asan,2025-06-12,28.3,58.2,4.4
asan,2025-06-13,32.4,80.3,46.0
asan,2025-06-14,32.3,66.3,12.2
asan,2025-06-15,24.2,54.9,9.2
asan,2025-06-16,25.5,62.9,20.2
asan,2025-06-17,29.3,92.6,53.9
asan,2025-06-18,24.9,61.6,10.4
asan,2025-06-19,29.1,76.2,27.3
asan,2025-06-20,29.4,75.2,26.9
asan,2025-06-21,34.7,71.1,10.0
asan,2025-06-22,31.5,57.1,11.6
asan,2025-06-23,33.5,94.7,59.3
asan,2025-06-24,27.8,64.2,26.7
asan,2025-06-25,32.7,60.1,28.6
asan,2025-06-26,29.6,74.4,53.3
asan,2025-06-27,27.1,91.6,58.0
asan,2025-06-28,26.1,84.8,34.8
asan,2025-06-29,27.7,64.7,13.4
asan,2025-06-30,25.5,62.6,7.3
asan,2025-07-01,33.5,69.8,6.0
asan,2025-07-02,27.2,81.4,49.9
asan,2025-07-03,31.5,97.3,46.7
asan,2025-07-04,29.6,83.5,36.6
asan,2025-07-05,26.0,71.3,13.4
asan,2025-07-06,26.0,67.3,27.6
asan,2025-07-07,27.0,59.2,3.5
asan,2025-07-08,34.3,67.4,13.1
asan,2025-07-09,33.2,51.4,10.1
asan,2025-07-10,25.2,83.4,25.5
asan,2025-07-11,27.0,60.7,14.8
asan,2025-07-12,25.1,69.6,12.0
asan,2025-07-13,24.4,93.9,53.6
asan,2025-07-14,32.9,72.4,38.6
asan,2025-07-15,30.8,70.1,27.9
asan,2025-07-16,27.8,65.3,17.4
asan,2025-07-17,33.3,81.6,35.2
asan,2025-07-18,27.4,69.3,25.6
asan,2025-07-19,28.0,97.3,62.9
asan,2025-07-20,31.0,79.5,32.7
asan,2025-07-21,28.1,82.3,35.0
asan,2025-07-22,24.9,79.3,49.8
asan,2025-07-23,30.4,63.8,12.3
asan,2025-07-24,26.8,69.8,13.2
asan,2025-07-25,29.0,78.1,28.2
asan,2025-07-26,27.5,63.4,16.8
asan,2025-07-27,26.7,74.2,32.5
asan,2025-07-28,23.0,70.9,24.3
asan,2025-07-29,26.5,67.0,20.7
asan,2025-07-30,28.4,80.7,24.4
asan,2025-07-31,31.7,66.8,19.9
asan,2025-08-01,24.1,95.7,40.0
asan,2025-08-02,30.6,59.2,7.6
asan,2025-08-03,29.6,66.2,11.4
asan,2025-08-04,29.0,70.2,20.1
asan,2025-08-05,26.9,79.9,18.5
asan,2025-08-06,21.0,59.2,17.8
asan,2025-08-07,23.6,59.8,10.5
asan,2025-08-08,29.2,75.1,21.8
asan,2025-08-09,28.3,77.1,25.9
asan,2025-08-10,29.8,60.0,34.5
asan,2025-08-11,27.9,59.3,14.7
asan,2025-08-12,24.0,84.4,22.2
asan,2025-08-13,23.5,71.8,18.8
asan,2025-08-14,23.9,71.1,21.9
asan,2025-08-15,30.0,61.0,15.2
asan,2025-08-16,25.9,85.5,36.7
asan,2025-08-17,25.7,77.0,19.7
asan,2025-08-18,33.1,56.6,13.7
asan,2025-08-19,28.6,80.8,28.6
asan,2025-08-20,27.6,94.8,53.6
asan,2025-08-21,23.7,100.0,81.8
asan,2025-08-22,32.4,77.1,30.3
asan,2025-08-23,28.8,82.6,27.8
asan,2025-08-24,25.4,74.5,25.5
asan,2025-08-25,30.1,77.7,17.3
asan,2025-08-26,26.1,85.3,49.6
asan,2025-08-27,27.3,80.9,41.2
asan,2025-08-28,27.3,60.5,13.4
asan,2025-08-29,25.6,88.2,40.1
asan,2025-08-30,22.7,84.5,8.2
asan,2025-08-31,27.3,100.0,77.9
asan,2025-09-01,21.3,80.3,19.9
asan,2025-09-02,23.7,69.6,29.7
asan,2025-09-03,24.9,58.5,28.4
asan,2025-09-04,14.3,65.5,16.9
asan,2025-09-05,21.8,76.5,10.1
asan,2025-09-06,24.4,74.2,10.6
asan,2025-09-07,19.0,69.4,31.2
asan,2025-09-08,24.9,96.0,45.9
asan,2025-09-09,21.8,65.6,17.4
asan,2025-09-10,20.6,66.6,17.5
asan,2025-09-11,21.2,76.9,37.0
asan,2025-09-12,24.0,69.8,8.3
asan,2025-09-13,27.4,65.3,11.4
asan,2025-09-14,20.4,68.3,17.7
asan,2025-09-15,25.8,80.9,54.4
asan,2025-09-16,23.6,77.3,15.4
asan,2025-09-17,21.1,69.8,41.0
asan,2025-09-18,21.5,72.3,38.5
asan,2025-09-19,19.1,81.2,14.8
asan,2025-09-20,24.2,72.8,25.2
asan,2025-09-21,23.1,63.9,4.0
asan,2025-09-22,20.6,93.4,22.7
asan,2025-09-23,24.1,71.4,22.1
asan,2025-09-24,22.9,74.5,20.4
asan,2025-09-25,20.3,85.3,45.6
asan,2025-09-26,17.6,73.5,18.3
asan,2025-09-27,28.7,81.7,49.0
asan,2025-09-28,20.4,73.2,40.9
asan,2025-09-29,27.0,77.7,29.4
asan,2025-09-30,22.3,59.4,14.6
asan,2025-10-01,22.7,58.7,14.8
asan,2025-10-02,23.1,59.4,4.2
asan,2025-10-03,19.0,72.2,3.6
asan,2025-10-04,25.4,56.7,6.8
asan,2025-10-05,22.1,70.3,4.5
asan,2025-10-06,29.4,68.6,17.2
asan,2025-10-07,24.2,60.0,0.9
asan,2025-10-08,18.9,89.5,22.0
asan,2025-10-09,20.4,47.8,2.1
asan,2025-10-10,22.2,62.5,8.5
asan,2025-10-11,24.8,75.8,0.9
asan,2025-10-12,23.0,57.2,0.1
asan,2025-10-13,19.4,67.3,6.7
asan,2025-10-14,19.7,60.8,6.9
asan,2025-10-15,27.1,67.3,10.2
asan,2025-10-16,19.4,57.7,12.0
asan,2025-10-17,21.7,67.0,2.0
asan,2025-10-18,23.4,63.4,10.6
asan,2025-10-19,25.5,52.9,5.8
asan,2025-10-20,25.6,70.1,0.7
asan,2025-10-21,19.1,69.7,1.8
asan,2025-10-22,23.1,64.5,4.1
asan,2025-10-23,24.6,57.8,9.1
asan,2025-10-24,21.0,50.5,7.3
asan,2025-10-25,22.8,55.9,4.3
asan,2025-10-26,20.0,68.7,1.6
asan,2025-10-27,20.4,61.1,0.8
asan,2025-10-28,20.7,60.8,1.3
asan,2025-10-29,22.5,67.3,17.3
asan,2025-10-30,16.9,63.2,1.7
asan,2025-10-31,24.1,77.3,5.2
asan,2025-11-01,21.3,62.4,2.3
asan,2025-11-02,23.0,64.4,0.0
asan,2025-11-03,26.0,55.7,4.6
asan,2025-11-04,22.2,46.4,2.2
asan,2025-11-05,22.4,62.4,0.9
asan,2025-11-06,23.7,63.2,1.7
asan,2025-11-07,24.1,52.5,6.3
asan,2025-11-08,23.7,78.7,7.4
asan,2025-11-09,17.8,53.1,1.8
asan,2025-11-10,22.6,62.4,4.9
asan,2025-11-11,22.3,63.3,5.9
asan,2025-11-12,18.3,61.1,2.8
asan,2025-11-13,22.2,51.5,0.3
asan,2025-11-14,24.9,63.6,2.8
asan,2025-11-15,22.1,47.2,0.6
asan,2025-11-16,22.2,57.1,3.6
asan,2025-11-17,24.0,66.7,3.1
asan,2025-11-18,20.0,68.8,19.8
asan,2025-11-19,16.6,72.1,2.5
asan,2025-11-20,20.0,54.6,1.2
asan,2025-11-21,19.8,50.6,0.2
asan,2025-11-22,24.4,65.5,1.7
asan,2025-11-23,15.6,78.4,6.9
asan,2025-11-24,16.4,40.1,0.5
asan,2025-11-25,23.7,62.7,2.5
asan,2025-11-26,25.3,84.7,15.4
asan,2025-11-27,18.6,53.6,4.2
asan,2025-11-28,25.7,59.7,5.6
asan,2025-11-29,26.7,60.3,5.4
asan,2025-11-30,18.7,70.2,5.8
asan,2025-12-01,8.9,58.7,2.7
asan,2025-12-02,18.3,47.0,0.3
asan,2025-12-03,6.9,59.7,0.2
asan,2025-12-04,12.1,50.4,0.1
asan,2025-12-05,9.3,61.3,0.3
asan,2025-12-06,8.5,57.0,2.6
asan,2025-12-07,5.8,63.7,1.0
asan,2025-12-08,7.4,57.4,0.5
asan,2025-12-09,9.2,45.5,1.9
asan,2025-12-10,15.8,67.0,0.5
asan,2025-12-11,14.4,62.2,0.6
asan,2025-12-12,9.4,42.7,0.3
asan,2025-12-13,15.7,50.9,1.0
asan,2025-12-14,10.9,57.9,2.1
asan,2025-12-15,11.5,55.3,0.8
asan,2025-12-16,23.6,39.5,0.5
asan,2025-12-17,9.7,63.9,0.8
asan,2025-12-18,18.5,60.9,0.3
asan,2025-12-19,7.4,53.3,0.8
asan,2025-12-20,13.2,56.1,1.7
asan,2025-12-21,12.7,64.5,1.0
asan,2025-12-22,5.4,37.7,2.8
asan,2025-12-23,13.2,63.9,0.9
asan,2025-12-24,13.3,65.8,2.3
asan,2025-12-25,8.4,61.3,0.6
asan,2025-12-26,17.0,66.0,0.6
asan,2025-12-27,10.8,59.7,0.6
asan,2025-12-28,7.0,59.9,2.6
asan,2025-12-29,15.5,56.2,0.1
asan,2025-12-30,4.6,67.0,1.0
asan,2025-12-31,13.5,64.8,0.7
banepa,2024-01-01,8.5,76.5,0.1
banepa,2024-01-02,14.7,55.1,0.5
banepa,2024-01-03,13.4,68.8,0.1
banepa,2024-01-04,11.1,66.8,2.4
banepa,2024-01-05,6.5,68.3,0.0
banepa,2024-01-06,11.4,61.5,0.3
banepa,2024-01-07,8.7,54.5,0.9
banepa,2024-01-08,8.3,55.7,0.2
banepa,2024-01-09,12.3,68.3,0.3
banepa,2024-01-10,3.6,58.1,0.9
banepa,2024-01-11,11.8,72.5,1.3
banepa,2024-01-12,12.8,62.8,2.0
banepa,2024-01-13,14.3,69.8,2.6
banepa,2024-01-14,9.3,61.5,0.1
banepa,2024-01-15,16.6,64.6,0.6
banepa,2024-01-16,13.3,66.7,1.6
banepa,2024-01-17,7.5,62.2,1.6
banepa,2024-01-18,12.6,61.2,0.1
banepa,2024-01-19,10.6,53.3,0.0
banepa,2024-01-20,13.0,55.1,0.9
banepa,2024-01-21,21.6,55.7,0.7
banepa,2024-01-22,5.3,66.2,0.2
banepa,2024-01-23,5.9,68.6,1.5
banepa,2024-01-24,10.5,61.3,1.3
banepa,2024-01-25,16.8,75.9,0.5
banepa,2024-01-26,12.3,65.1,0.0
banepa,2024-01-27,3.3,61.7,0.4
banepa,2024-01-28,19.3,61.5,0.1
banepa,2024-01-29,12.5,60.6,1.8
banepa,2024-01-30,10.4,71.2,0.4
banepa,2024-01-31,16.9,64.0,0.1
banepa,2024-02-01,15.1,48.4,0.5
banepa,2024-02-02,10.9,60.5,0.3
banepa,2024-02-03,9.7,58.9,0.4
banepa,2024-02-04,14.5,41.8,0.5
banepa,2024-02-05,13.3,63.9,0.3
banepa,2024-02-06,7.3,53.6,0.9
banepa,2024-02-07,5.3,46.2,0.4
banepa,2024-02-08,9.3,49.4,0.7
banepa,2024-02-09,13.2,52.7,0.9
banepa,2024-02-10,7.7,61.9,0.8
banepa,2024-02-11,10.0,49.9,0.5
banepa,2024-02-12,14.4,61.3,1.9
banepa,2024-02-13,8.3,64.3,0.4
banepa,2024-02-14,16.0,48.1,0.3
banepa,2024-02-15,19.9,55.3,0.3
banepa,2024-02-16,10.2,55.9,0.3
banepa,2024-02-17,15.7,47.8,1.5
banepa,2024-02-18,10.6,54.9,2.8
banepa,2024-02-19,10.4,66.5,0.8
banepa,2024-02-20,14.6,46.7,0.2
banepa,2024-02-21,13.0,60.1,2.5
banepa,2024-02-22,8.6,71.1,2.6
banepa,2024-02-23,13.1,53.9,0.0
banepa,2024-02-24,13.2,58.7,1.2
banepa,2024-02-25,14.0,60.1,2.8
banepa,2024-02-26,13.9,66.4,0.0
banepa,2024-02-27,11.5,62.5,0.4
banepa,2024-02-28,12.2,59.6,0.2
banepa,2024-02-29,14.9,65.9,2.5
banepa,2024-03-01,26.4,58.0,0.9
banepa,2024-03-02,22.1,54.4,0.0
banepa,2024-03-03,20.5,67.9,4.1
banepa,2024-03-04,22.6,55.7,2.1
banepa,2024-03-05,23.8,61.3,13.9
banepa,2024-03-06,24.2,63.8,3.4
banepa,2024-03-07,20.4,61.0,2.9
banepa,2024-03-08,25.1,65.9,4.2
banepa,2024-03-09,23.4,73.4,0.8
banepa,2024-03-10,23.6,63.1,1.6
banepa,2024-03-11,25.9,76.9,7.2
banepa,2024-03-12,24.1,58.1,0.8
banepa,2024-03-13,20.4,52.2,5.1
banepa,2024-03-14,28.6,68.0,7.3
banepa,2024-03-15,23.2,66.8,10.2
banepa,2024-03-16,17.6,47.7,0.8
banepa,2024-03-17,22.2,59.9,3.0
banepa,2024-03-18,22.6,48.4,0.9
banepa,2024-03-19,26.3,57.9,3.3
banepa,2024-03-20,22.8,69.3,0.0
banepa,2024-03-21,21.5,52.2,6.4
banepa,2024-03-22,24.1,75.6,2.3
banepa,2024-03-23,17.7,67.0,0.0
banepa,2024-03-24,22.9,59.4,3.8
banepa,2024-03-25,21.1,74.2,9.2
banepa,2024-03-26,18.2,73.1,2.0
banepa,2024-03-27,18.1,73.3,5.2
banepa,2024-03-28,13.9,55.9,6.4
banepa,2024-03-29,25.4,51.8,1.4
banepa,2024-03-30,19.4,59.3,5.6
banepa,2024-03-31,20.2,53.2,4.0
banepa,2024-04-01,23.3,44.2,2.0
banepa,2024-04-02,21.5,56.3,7.9
banepa,2024-04-03,22.2,64.2,17.9
banepa,2024-04-04,23.8,52.2,2.9
banepa,2024-04-05,19.0,53.8,4.7
banepa,2024-04-06,19.3,56.4,2.6
banepa,2024-04-07,20.4,62.0,8.0
banepa,2024-04-08,22.6,73.8,0.0
banepa,2024-04-09,23.8,82.1,18.0
banepa,2024-04-10,19.3,69.9,6.0
banepa,2024-04-11,21.5,70.8,2.0
banepa,2024-04-12,19.2,58.7,1.0
banepa,2024-04-13,19.5,64.8,8.2
banepa,2024-04-14,18.0,61.7,0.4
banepa,2024-04-15,24.5,55.8,2.6
banepa,2024-04-16,28.6,57.4,10.0
banepa,2024-04-17,22.2,55.3,0.5
banepa,2024-04-18,20.9,58.4,4.3
banepa,2024-04-19,27.9,65.6,3.5
banepa,2024-04-20,26.1,65.9,1.7
banepa,2024-04-21,25.2,69.5,21.5
banepa,2024-04-22,17.9,57.9,5.2
banepa,2024-04-23,17.7,62.9,9.4
banepa,2024-04-24,27.1,72.2,1.3
banepa,2024-04-25,21.9,68.8,1.5
banepa,2024-04-26,14.7,64.1,8.5
banepa,2024-04-27,17.1,66.2,2.2
banepa,2024-04-28,23.2,52.7,2.4
banepa,2024-04-29,24.8,66.2,2.5
banepa,2024-04-30,24.3,78.0,7.5
banepa,2024-05-01,24.3,62.6,2.2
banepa,2024-05-02,23.3,72.5,13.5
banepa,2024-05-03,24.5,70.6,5.2
banepa,2024-05-04,24.4,60.4,1.0
banepa,2024-05-05,20.9,48.7,3.2
banepa,2024-05-06,19.2,65.0,0.7
banepa,2024-05-07,26.4,52.2,2.9
banepa,2024-05-08,21.4,62.8,9.5
banepa,2024-05-09,19.3,53.5,0.1
banepa,2024-05-10,28.2,55.2,4.2
banepa,2024-05-11,21.9,67.3,0.5
banepa,2024-05-12,21.5,63.2,1.1
banepa,2024-05-13,20.5,81.1,1.3
banepa,2024-05-14,22.6,56.0,10.7
banepa,2024-05-15,26.7,48.4,4.2
banepa,2024-05-16,23.1,62.6,2.6
banepa,2024-05-17,20.9,51.7,0.2
banepa,2024-05-18,22.4,58.8,0.2
banepa,2024-05-19,20.0,70.1,1.6
banepa,2024-05-20,19.0,61.8,2.7
banepa,2024-05-21,23.0,60.5,5.3
banepa,2024-05-22,19.3,56.3,3.8
banepa,2024-05-23,23.8,78.2,7.2
banepa,2024-05-24,26.1,58.7,2.6
banepa,2024-05-25,19.6,66.2,5.2
banepa,2024-05-26,19.7,58.1,0.5
banepa,2024-05-27,22.5,52.5,3.6
banepa,2024-05-28,27.7,73.6,17.1
banepa,2024-05-29,17.4,52.7,1.2
banepa,2024-05-30,19.2,55.4,2.4
banepa,2024-05-31,15.5,60.4,8.3
banepa,2024-06-01,32.6,64.2,12.3
banepa,2024-06-02,26.2,77.8,17.6
banepa,2024-06-03,26.8,68.8,20.9
banepa,2024-06-04,24.4,77.1,22.7
banepa,2024-06-05,27.6,61.4,27.1
banepa,2024-06-06,30.6,66.5,19.5
banepa,2024-06-07,25.9,69.8,21.4
banepa,2024-06-08,29.6,80.6,24.3
banepa,2024-06-09,25.2,61.9,17.5
banepa,2024-06-10,24.5,100.0,50.9
banepa,2024-06-11,27.0,75.7,8.5
banepa,2024-06-12,24.2,47.2,15.3
banepa,2024-06-13,26.6,75.9,35.6
banepa,2024-06-14,25.4,73.6,25.0
banepa,2024-06-15,24.5,91.8,26.5
banepa,2024-06-16,30.8,77.5,33.5
banepa,2024-06-17,24.1,55.9,10.7
banepa,2024-06-18,26.6,68.2,15.7
banepa,2024-06-19,29.0,73.9,42.0
banepa,2024-06-20,24.0,70.3,17.0
banepa,2024-06-21,23.2,57.5,19.3
banepa,2024-06-22,29.4,78.2,38.5
banepa,2024-06-23,23.0,65.5,19.5
banepa,2024-06-24,29.6,66.8,30.0
banepa,2024-06-25,29.0,73.2,3.5
banepa,2024-06-26,28.2,73.4,23.3
banepa,2024-06-27,33.0,76.4,22.2
banepa,2024-06-28,28.4,76.5,45.7
banepa,2024-06-29,25.0,79.1,23.1
banepa,2024-06-30,24.1,76.8,19.6
banepa,2024-07-01,27.0,93.2,44.5
banepa,2024-07-02,32.5,76.3,50.3
banepa,2024-07-03,28.8,47.5,12.0
banepa,2024-07-04,26.8,42.2,8.4
banepa,2024-07-05,30.0,69.3,15.0
banepa,2024-07-06,27.1,83.1,48.9
banepa,2024-07-07,28.2,66.5,14.8
banepa,2024-07-08,30.5,58.7,6.1
banepa,2024-07-09,27.9,47.3,9.0
banepa,2024-07-10,26.3,66.3,6.2
banepa,2024-07-11,33.5,78.4,23.9
banepa,2024-07-12,32.3,74.1,23.3
banepa,2024-07-13,29.2,66.0,9.7
banepa,2024-07-14,26.0,77.9,30.7
banepa,2024-07-15,29.1,76.4,48.6
banepa,2024-07-16,30.5,69.7,21.3
banepa,2024-07-17,20.3,62.7,28.2
banepa,2024-07-18,32.3,72.9,27.5
banepa,2024-07-19,27.6,70.2,8.3
banepa,2024-07-20,20.6,70.7,18.0
banepa,2024-07-21,30.0,62.5,12.0
banepa,2024-07-22,23.3,75.0,38.6
banepa,2024-07-23,27.3,76.6,20.2
banepa,2024-07-24,27.9,75.4,29.2
banepa,2024-07-25,25.1,67.4,14.7
banepa,2024-07-26,30.9,79.6,46.7
banepa,2024-07-27,28.5,93.9,23.5
banepa,2024-07-28,23.9,84.9,34.8
banepa,2024-07-29,32.4,65.2,25.0
banepa,2024-07-30,30.9,77.5,28.7
banepa,2024-07-31,29.0,68.8,17.6
banepa,2024-08-01,29.9,71.3,24.9
banepa,2024-08-02,29.8,81.8,16.3
banepa,2024-08-03,26.2,61.9,12.0
banepa,2024-08-04,30.5,81.5,31.6
banepa,2024-08-05,23.9,56.5,10.3
banepa,2024-08-06,26.4,79.0,7.1
banepa,2024-08-07,27.9,74.8,31.5
banepa,2024-08-08,29.6,94.3,67.0
banepa,2024-08-09,27.1,100.0,70.4
banepa,2024-08-10,25.4,61.8,25.8
banepa,2024-08-11,28.8,75.4,19.5
banepa,2024-08-12,30.5,68.8,8.7
banepa,2024-08-13,20.7,68.0,30.5
banepa,2024-08-14,27.7,60.3,6.9
banepa,2024-08-15,33.1,73.4,17.6
banepa,2024-08-16,33.1,68.0,6.2
banepa,2024-08-17,27.8,63.2,22.1
banepa,2024-08-18,25.0,79.2,23.9
banepa,2024-08-19,25.3,65.8,21.8
banepa,2024-08-20,26.6,74.8,18.0
banepa,2024-08-21,25.5,61.6,5.6
banepa,2024-08-22,29.5,74.4,27.8
banepa,2024-08-23,31.8,80.0,5.3
banepa,2024-08-24,32.0,76.2,17.2
banepa,2024-08-25,28.4,73.6,14.4
banepa,2024-08-26,28.4,54.5,6.3
banepa,2024-08-27,28.2,77.8,26.7
banepa,2024-08-28,28.9,74.6,19.7
banepa,2024-08-29,29.5,87.9,55.8
banepa,2024-08-30,30.2,70.3,20.6
banepa,2024-08-31,31.2,70.9,25.6
banepa,2024-09-01,26.6,70.6,27.6
banepa,2024-09-02,21.7,58.1,4.5
banepa,2024-09-03,23.5,100.0,111.3
banepa,2024-09-04,18.7,100.0,107.2
banepa,2024-09-05,20.5,68.5,17.4
banepa,2024-09-06,23.9,72.9,18.1
banepa,2024-09-07,19.9,60.4,16.6
banepa,2024-09-08,22.9,73.6,25.3
banepa,2024-09-09,20.3,71.8,31.2
banepa,2024-09-10,19.2,65.2,10.4
banepa,2024-09-11,21.5,86.5,34.5
banepa,2024-09-12,24.8,66.3,6.5
banepa,2024-09-13,25.5,74.6,22.4
banepa,2024-09-14,22.6,70.8,16.3
banepa,2024-09-15,21.4,48.9,3.1
banepa,2024-09-16,24.7,54.0,20.4
banepa,2024-09-17,21.5,89.3,67.5
banepa,2024-09-18,20.2,100.0,49.5
banepa,2024-09-19,24.9,62.9,36.1
banepa,2024-09-20,16.3,59.2,24.8
banepa,2024-09-21,24.9,58.2,16.9
banepa,2024-09-22,24.2,65.7,18.6
banepa,2024-09-23,27.6,72.4,18.8
banepa,2024-09-24,20.7,66.5,23.8
banepa,2024-09-25,23.5,71.2,6.8
banepa,2024-09-26,15.8,70.1,32.6
banepa,2024-09-27,21.8,69.1,23.5
banepa,2024-09-28,27.5,60.7,7.6
banepa,2024-09-29,22.1,100.0,69.0
banepa,2024-09-30,19.8,53.0,3.9
banepa,2024-10-01,17.4,62.0,7.2
banepa,2024-10-02,24.1,56.5,1.8
banepa,2024-10-03,20.1,59.1,3.6
banepa,2024-10-04,20.6,55.7,4.6
banepa,2024-10-05,24.5,74.2,15.5
banepa,2024-10-06,22.3,63.2,3.9
banepa,2024-10-07,23.7,54.5,11.1
banepa,2024-10-08,27.7,71.3,3.5
banepa,2024-10-09,24.7,71.8,13.2
banepa,2024-10-10,24.2,53.4,0.4
banepa,2024-10-11,21.5,74.6,25.6
banepa,2024-10-12,20.8,49.8,1.9
banepa,2024-10-13,22.5,71.4,4.1
banepa,2024-10-14,21.2,72.7,12.1
banepa,2024-10-15,22.6,59.7,9.1
banepa,2024-10-16,21.4,53.4,2.9
banepa,2024-10-17,23.0,60.1,3.6
banepa,2024-10-18,22.7,43.7,4.2
banepa,2024-10-19,20.0,68.5,7.8
banepa,2024-10-20,22.1,59.8,2.8
banepa,2024-10-21,23.1,67.7,7.4
banepa,2024-10-22,24.8,65.1,1.1
banepa,2024-10-23,20.4,65.5,1.6
banepa,2024-10-24,27.8,79.9,1.7
banepa,2024-10-25,20.4,68.9,1.2
banepa,2024-10-26,25.8,64.8,1.3
banepa,2024-10-27,22.5,61.6,4.4
banepa,2024-10-28,17.9,57.1,0.8
banepa,2024-10-29,21.3,64.0,12.8
banepa,2024-10-30,22.9,72.8,20.4
banepa,2024-10-31,22.3,68.9,8.4
banepa,2024-11-01,24.9,58.2,7.5
banepa,2024-11-02,23.9,50.7,0.7
banepa,2024-11-03,24.1,64.7,1.2
banepa,2024-11-04,18.0,60.2,0.2
banepa,2024-11-05,24.4,55.9,12.5
banepa,2024-11-06,25.7,52.1,2.6
banepa,2024-11-07,23.2,55.8,3.0
banepa,2024-11-08,27.0,46.2,4.2
banepa,2024-11-09,21.0,46.0,10.0
banepa,2024-11-10,24.0,57.9,3.3
banepa,2024-11-11,21.4,62.1,5.0
banepa,2024-11-12,25.1,70.4,6.5
banepa,2024-11-13,26.8,54.0,10.1
banepa,2024-11-14,20.1,80.0,0.4
banepa,2024-11-15,19.6,61.6,5.1
banepa,2024-11-16,22.4,53.4,13.7
banepa,2024-11-17,18.3,73.8,7.1
banepa,2024-11-18,18.0,47.1,11.5
banepa,2024-11-19,22.8,63.0,0.5
banepa,2024-11-20,17.9,60.1,5.4
banepa,2024-11-21,19.6,68.3,5.1
banepa,2024-11-22,21.8,67.8,4.8
banepa,2024-11-23,19.8,90.6,20.1
banepa,2024-11-24,17.9,66.3,25.4
banepa,2024-11-25,21.0,57.7,6.3
banepa,2024-11-26,24.3,65.3,2.8
banepa,2024-11-27,25.3,70.3,7.4
banepa,2024-11-28,18.5,62.3,1.8
banepa,2024-11-29,22.3,65.7,8.5
banepa,2024-11-30,12.9,46.5,0.1
banepa,2024-12-01,9.5,64.7,1.7
banepa,2024-12-02,17.8,53.6,0.3
banepa,2024-12-03,6.6,51.2,0.3
banepa,2024-12-04,7.2,69.6,0.7
banepa,2024-12-05,12.1,54.7,2.1
banepa,2024-12-06,13.4,49.0,1.4
banepa,2024-12-07,8.6,56.4,2.9
banepa,2024-12-08,15.7,52.4,0.3
banepa,2024-12-09,10.8,55.0,0.1
banepa,2024-12-10,14.0,69.7,0.2
banepa,2024-12-11,12.0,49.5,1.4
banepa,2024-12-12,5.0,54.8,0.3
banepa,2024-12-13,12.4,51.3,0.4
banepa,2024-12-14,10.6,48.2,0.3
banepa,2024-12-15,15.1,65.5,0.4
banepa,2024-12-16,12.3,70.3,1.7
banepa,2024-12-17,16.2,53.8,1.6
banepa,2024-12-18,1.5,73.5,0.6
banepa,2024-12-19,9.6,42.8,0.4
banepa,2024-12-20,14.8,55.2,1.0
banepa,2024-12-21,19.8,67.4,0.0
banepa,2024-12-22,19.4,68.9,3.7
banepa,2024-12-23,11.8,52.3,0.2
banepa,2024-12-24,12.5,61.6,1.3
banepa,2024-12-25,16.6,52.5,1.4
banepa,2024-12-26,14.1,61.9,0.9
banepa,2024-12-27,12.5,67.4,1.7
banepa,2024-12-28,14.8,65.3,0.9
banepa,2024-12-29,12.6,58.2,1.8
banepa,2024-12-30,9.9,50.5,0.4
banepa,2024-12-31,12.7,51.4,0.3
banepa,2025-01-01,13.6,70.0,0.8
banepa,2025-01-02,8.6,53.6,0.4
banepa,2025-01-03,14.8,65.2,1.5
banepa,2025-01-04,15.1,59.4,0.3
banepa,2025-01-05,7.4,59.0,0.8
banepa,2025-01-06,16.8,62.8,0.3
banepa,2025-01-07,8.6,72.1,2.0
banepa,2025-01-08,16.6,57.9,0.9
banepa,2025-01-09,12.7,64.8,1.4
banepa,2025-01-10,5.6,57.9,1.3
banepa,2025-01-11,13.8,52.5,1.8
banepa,2025-01-12,11.4,59.5,0.5
banepa,2025-01-13,11.1,45.3,0.9
banepa,2025-01-14,11.0,60.4,1.5
banepa,2025-01-15,8.8,63.7,3.1
banepa,2025-01-16,-1.4,59.0,0.8
banepa,2025-01-17,15.4,60.6,0.2
banepa,2025-01-18,8.9,71.8,0.1
banepa,2025-01-19,13.3,67.6,0.2
banepa,2025-01-20,8.6,62.2,1.6
banepa,2025-01-21,10.2,58.7,0.7
banepa,2025-01-22,11.3,71.6,1.1
banepa,2025-01-23,14.6,69.0,1.3
banepa,2025-01-24,10.8,59.4,0.5
banepa,2025-01-25,12.0,58.7,0.0
banepa,2025-01-26,10.9,40.5,0.3
banepa,2025-01-27,12.1,64.2,0.0
banepa,2025-01-28,11.4,53.2,0.3
banepa,2025-01-29,4.7,53.9,0.7
banepa,2025-01-30,16.5,55.8,0.2
banepa,2025-01-31,16.0,51.9,5.0
banepa,2025-02-01,9.6,56.6,0.3
banepa,2025-02-02,2.8,66.1,0.3
banepa,2025-02-03,9.6,53.2,1.6
banepa,2025-02-04,14.7,54.6,0.2
banepa,2025-02-05,13.6,59.4,1.3
banepa,2025-02-06,6.6,56.1,0.3
banepa,2025-02-07,10.7,46.8,3.3
banepa,2025-02-08,11.8,60.8,0.6
banepa,2025-02-09,16.1,63.5,3.4
banepa,2025-02-10,13.4,67.7,0.6
banepa,2025-02-11,6.4,64.4,1.0
banepa,2025-02-12,13.5,81.4,1.0
banepa,2025-02-13,12.4,49.3,0.3
banepa,2025-02-14,15.8,60.8,0.6
banepa,2025-02-15,19.6,69.1,0.4
banepa,2025-02-16,16.4,48.6,0.2
banepa,2025-02-17,9.5,57.0,0.2
banepa,2025-02-18,7.0,51.5,0.3
banepa,2025-02-19,8.3,67.9,0.1
banepa,2025-02-20,17.0,63.3,3.4
banepa,2025-02-21,14.0,54.2,1.3
banepa,2025-02-22,18.6,64.9,0.3
banepa,2025-02-23,13.8,69.2,0.4
banepa,2025-02-24,5.7,54.9,1.0
banepa,2025-02-25,12.3,62.9,0.3
banepa,2025-02-26,13.0,69.6,0.7
banepa,2025-02-27,14.3,80.9,0.0
banepa,2025-02-28,8.4,56.4,2.0
banepa,2025-03-01,24.1,57.7,1.3
banepa,2025-03-02,18.8,73.8,0.3
banepa,2025-03-03,18.9,67.7,4.5
banepa,2025-03-04,25.9,59.7,1.4
banepa,2025-03-05,21.6,54.8,3.5
banepa,2025-03-06,19.9,52.5,6.9
banepa,2025-03-07,19.0,55.0,1.7
banepa,2025-03-08,21.0,64.5,12.5
banepa,2025-03-09,24.3,54.6,2.0
banepa,2025-03-10,18.4,77.9,5.1
banepa,2025-03-11,22.8,43.5,0.3
banepa,2025-03-12,19.2,61.1,4.3
banepa,2025-03-13,23.4,68.7,5.7
banepa,2025-03-14,24.9,55.8,0.6
banepa,2025-03-15,19.2,67.2,1.8
banepa,2025-03-16,20.8,70.2,16.2
banepa,2025-03-17,21.4,60.4,5.7
banepa,2025-03-18,24.1,51.3,0.2
banepa,2025-03-19,18.3,65.8,1.2
banepa,2025-03-20,26.0,61.9,1.7
banepa,2025-03-21,21.2,65.4,0.8
banepa,2025-03-22,19.6,64.5,6.4
banepa,2025-03-23,22.0,66.9,2.9
banepa,2025-03-24,19.7,48.3,3.0
banepa,2025-03-25,22.0,66.4,16.2
banepa,2025-03-26,21.9,63.2,6.2
banepa,2025-03-27,18.3,59.8,3.6
banepa,2025-03-28,26.7,51.1,0.5
banepa,2025-03-29,26.0,64.5,2.0
banepa,2025-03-30,20.2,76.3,7.6
banepa,2025-03-31,18.6,66.2,6.0
banepa,2025-04-01,20.9,56.9,12.3
banepa,2025-04-02,17.9,77.0,5.2
banepa,2025-04-03,26.2,68.6,6.8
banepa,2025-04-04,22.5,67.6,14.6
banepa,2025-04-05,21.0,60.9,1.4
banepa,2025-04-06,19.6,68.0,8.6
banepa,2025-04-07,17.2,61.2,2.5
banepa,2025-04-08,18.4,68.4,3.2
banepa,2025-04-09,21.2,69.8,7.1
banepa,2025-04-10,16.8,56.2,14.5
banepa,2025-04-11,20.0,85.3,21.1
banepa,2025-04-12,14.2,57.7,2.1
banepa,2025-04-13,22.2,64.9,13.5
banepa,2025-04-14,19.0,52.8,6.7
banepa,2025-04-15,21.5,69.4,6.3
banepa,2025-04-16,18.3,63.1,1.2
banepa,2025-04-17,20.6,77.0,12.8
banepa,2025-04-18,19.8,59.4,6.9
banepa,2025-04-19,23.7,66.0,1.8
banepa,2025-04-20,19.1,55.2,3.7
banepa,2025-04-21,22.8,62.5,21.9
banepa,2025-04-22,22.7,66.3,1.3
banepa,2025-04-23,21.9,80.8,12.6
banepa,2025-04-24,21.4,73.1,11.3
banepa,2025-04-25,24.6,50.3,0.3
banepa,2025-04-26,20.5,61.9,9.5
banepa,2025-04-27,21.1,71.6,2.9
banepa,2025-04-28,28.3,62.2,2.7
banepa,2025-04-29,25.3,49.4,2.0
banepa,2025-04-30,22.0,58.1,9.6
banepa,2025-05-01,20.1,58.3,4.0
banepa,2025-05-02,23.8,62.2,0.9
banepa,2025-05-03,21.0,70.3,13.5
banepa,2025-05-04,20.5,69.1,5.5
banepa,2025-05-05,22.8,69.8,6.5
banepa,2025-05-06,21.4,47.3,0.6
banepa,2025-05-07,26.1,57.2,0.7
banepa,2025-05-08,23.9,67.5,0.8
banepa,2025-05-09,21.0,55.8,0.6
banepa,2025-05-10,23.1,78.4,7.9
banepa,2025-05-11,23.0,53.2,0.7
banepa,2025-05-12,22.5,51.1,11.2
banepa,2025-05-13,23.8,81.5,4.9
banepa,2025-05-14,22.9,68.5,2.6
banepa,2025-05-15,19.9,65.4,12.0
banepa,2025-05-16,19.2,75.6,6.7
banepa,2025-05-17,19.4,54.8,2.9
banepa,2025-05-18,21.6,64.2,6.5
banepa,2025-05-19,19.5,61.4,0.9
banepa,2025-05-20,16.9,63.4,5.5
banepa,2025-05-21,21.5,53.6,14.1
banepa,2025-05-22,19.6,52.1,0.1
banepa,2025-05-23,24.1,61.6,5.7
banepa,2025-05-24,26.1,61.3,2.4
banepa,2025-05-25,19.3,68.7,7.6
banepa,2025-05-26,21.8,67.5,10.2
banepa,2025-05-27,19.5,63.5,4.0
banepa,2025-05-28,26.4,51.0,4.7
banepa,2025-05-29,30.8,49.6,8.5
banepa,2025-05-30,27.3,57.7,3.3
banepa,2025-05-31,25.5,59.2,1.2
banepa,2025-06-01,30.2,73.9,23.1
banepa,2025-06-02,26.8,84.2,29.3
banepa,2025-06-03,29.9,75.5,25.9
banepa,2025-06-04,29.7,65.7,21.1
banepa,2025-06-05,27.4,72.4,8.4
banepa,2025-06-06,27.1,75.7,27.3
banepa,2025-06-07,31.1,73.4,42.3
banepa,2025-06-08,25.4,93.8,47.0
banepa,2025-06-09,35.7,69.2,28.9
banepa,2025-06-10,32.0,74.9,27.3
banepa,2025-06-11,33.4,55.5,13.8
banepa,2025-06-12,24.7,73.4,15.6
banepa,2025-06-13,22.7,73.8,29.8
banepa,2025-06-14,34.8,73.1,45.0
banepa,2025-06-15,30.5,71.7,13.0
banepa,2025-06-16,26.9,66.3,43.5
banepa,2025-06-17,30.4,72.7,12.8
banepa,2025-06-18,28.9,72.8,24.1
banepa,2025-06-19,30.0,71.8,8.3
banepa,2025-06-20,28.2,64.5,16.3
banepa,2025-06-21,28.6,66.1,20.8
banepa,2025-06-22,27.4,88.8,30.6
banepa,2025-06-23,27.9,72.5,10.0
banepa,2025-06-24,33.5,71.0,42.2
banepa,2025-06-25,29.4,67.0,25.4
banepa,2025-06-26,25.0,76.3,6.8
banepa,2025-06-27,25.0,76.8,61.7
banepa,2025-06-28,27.7,65.1,14.3
banepa,2025-06-29,26.8,84.0,25.0
banepa,2025-06-30,26.9,81.4,12.6
banepa,2025-07-01,33.6,81.2,46.4
banepa,2025-07-02,24.7,62.8,18.5
banepa,2025-07-03,26.5,57.5,10.7
banepa,2025-07-04,31.3,79.1,28.2
banepa,2025-07-05,28.5,83.1,57.1
banepa,2025-07-06,25.5,65.9,15.7
banepa,2025-07-07,28.8,78.9,37.1
banepa,2025-07-08,29.4,81.0,46.4
banepa,2025-07-09,23.4,62.6,20.9
banepa,2025-07-10,31.5,68.0,12.3
banepa,2025-07-11,33.0,97.6,48.6
banepa,2025-07-12,28.3,66.8,30.8
banepa,2025-07-13,31.6,74.5,26.6
banepa,2025-07-14,30.3,69.3,5.5
banepa,2025-07-15,32.0,73.9,12.2
banepa,2025-07-16,32.9,62.5,23.5
banepa,2025-07-17,28.2,71.6,47.6
banepa,2025-07-18,22.4,67.0,15.7
banepa,2025-07-19,33.6,59.7,11.0
banepa,2025-07-20,26.7,70.1,22.5
banepa,2025-07-21,24.2,70.9,19.7
banepa,2025-07-22,27.4,59.9,16.0
banepa,2025-07-23,29.6,74.5,31.1
banepa,2025-07-24,28.5,80.7,51.5
banepa,2025-07-25,28.8,83.1,21.7
banepa,2025-07-26,25.5,69.8,21.0
banepa,2025-07-27,27.1,62.7,14.5
banepa,2025-07-28,26.2,72.5,41.3
banepa,2025-07-29,26.2,95.7,45.7
banepa,2025-07-30,24.1,84.2,23.2
banepa,2025-07-31,28.2,84.2,10.2
banepa,2025-08-01,24.5,71.3,16.8
banepa,2025-08-02,26.6,69.0,30.6
banepa,2025-08-03,26.5,75.3,7.5
banepa,2025-08-04,29.4,65.7,12.4
banepa,2025-08-05,21.0,76.6,31.3
banepa,2025-08-06,29.1,70.0,6.0
banepa,2025-08-07,28.6,82.2,25.6
banepa,2025-08-08,27.6,67.0,21.5
banepa,2025-08-09,30.6,62.3,8.8
banepa,2025-08-10,26.1,61.0,29.9
banepa,2025-08-11,30.2,82.0,40.0
banepa,2025-08-12,30.0,70.5,11.1
banepa,2025-08-13,30.7,78.9,28.2
banepa,2025-08-14,22.9,90.9,44.2
banepa,2025-08-15,31.3,74.4,36.1
banepa,2025-08-16,27.3,62.4,22.5
banepa,2025-08-17,30.1,63.8,31.4
banepa,2025-08-18,30.2,74.2,30.5
banepa,2025-08-19,31.3,66.1,25.1
banepa,2025-08-20,26.3,72.6,27.4
banepa,2025-08-21,33.0,67.7,13.7
banepa,2025-08-22,26.8,83.4,35.9
banepa,2025-08-23,23.3,73.0,19.0
banepa,2025-08-24,30.1,77.0,26.9
banepa,2025-08-25,30.6,60.3,16.7
banepa,2025-08-26,33.4,60.2,19.5
banepa,2025-08-27,25.2,81.2,13.6
banepa,2025-08-28,24.4,54.5,8.2
banepa,2025-08-29,25.6,69.8,12.8
banepa,2025-08-30,27.4,64.0,22.0
banepa,2025-08-31,28.0,67.3,1.6
banepa,2025-09-01,17.0,61.0,24.4
banepa,2025-09-02,27.1,79.0,23.4
banepa,2025-09-03,17.2,64.0,21.2
banepa,2025-09-04,20.6,81.8,47.5
banepa,2025-09-05,21.3,73.5,24.3
banepa,2025-09-06,24.2,66.9,28.6
banepa,2025-09-07,20.4,86.4,24.9
banepa,2025-09-08,16.8,80.0,44.5
banepa,2025-09-09,24.9,81.8,12.9
banepa,2025-09-10,26.8,54.1,14.4
banepa,2025-09-11,22.4,55.3,7.1
banepa,2025-09-12,21.8,56.0,6.6
banepa,2025-09-13,22.2,65.0,5.0
banepa,2025-09-14,21.5,82.2,28.3
banepa,2025-09-15,20.8,78.3,29.8
banepa,2025-09-16,23.8,70.4,38.6
banepa,2025-09-17,21.8,74.8,36.6
banepa,2025-09-18,23.1,64.9,28.3
banepa,2025-09-19,17.9,73.0,21.5
banepa,2025-09-20,15.2,69.1,26.2
banepa,2025-09-21,19.7,79.5,26.3
banepa,2025-09-22,21.7,72.7,13.1
banepa,2025-09-23,21.4,74.6,10.4
banepa,2025-09-24,23.7,46.4,3.8
banepa,2025-09-25,22.8,49.3,1.0
banepa,2025-09-26,24.2,67.9,26.8
banepa,2025-09-27,18.7,64.9,9.9
banepa,2025-09-28,23.4,70.5,45.9
banepa,2025-09-29,20.7,64.1,41.3
banepa,2025-09-30,20.6,100.0,44.2
banepa,2025-10-01,22.2,63.7,13.9
banepa,2025-10-02,22.5,66.4,1.7
banepa,2025-10-03,23.6,67.7,1.5
banepa,2025-10-04,22.5,68.8,1.4
banepa,2025-10-05,25.3,52.5,6.1
banepa,2025-10-06,25.9,76.9,6.7
banepa,2025-10-07,20.6,63.8,6.6
banepa,2025-10-08,20.1,59.5,4.1
banepa,2025-10-09,19.6,64.6,3.4
banepa,2025-10-10,20.5,70.6,6.7
banepa,2025-10-11,22.5,56.5,7.9
banepa,2025-10-12,22.7,70.1,0.9
banepa,2025-10-13,23.4,71.1,0.9
banepa,2025-10-14,20.4,61.9,1.5
banepa,2025-10-15,24.0,75.0,0.2
banepa,2025-10-16,23.9,69.8,15.3
banepa,2025-10-17,22.4,59.6,1.4
banepa,2025-10-18,18.2,59.6,0.5
banepa,2025-10-19,19.2,71.4,3.0
banepa,2025-10-20,22.4,57.8,6.6
banepa,2025-10-21,23.9,66.2,0.1
banepa,2025-10-22,24.0,58.2,1.4
banepa,2025-10-23,19.9,63.2,4.1
banepa,2025-10-24,21.4,76.9,1.4
banepa,2025-10-25,23.1,49.0,0.5
banepa,2025-10-26,25.6,65.8,8.7
banepa,2025-10-27,21.4,51.4,7.3
banepa,2025-10-28,19.7,74.9,5.1
banepa,2025-10-29,22.5,73.5,2.8
banepa,2025-10-30,22.7,81.4,22.2
banepa,2025-10-31,22.2,59.9,0.0
banepa,2025-11-01,21.4,66.0,9.4
banepa,2025-11-02,22.7,92.2,27.1
banepa,2025-11-03,26.0,74.5,3.3
banepa,2025-11-04,22.5,72.3,10.8
banepa,2025-11-05,22.5,60.8,1.5
banepa,2025-11-06,22.6,67.6,4.5
banepa,2025-11-07,25.6,58.2,4.1
banepa,2025-11-08,20.0,51.8,1.5
banepa,2025-11-09,20.7,53.8,4.3
banepa,2025-11-10,21.5,66.6,6.8
banepa,2025-11-11,23.8,63.5,3.6
banepa,2025-11-12,18.7,55.7,1.2
banepa,2025-11-13,24.6,71.4,6.4
banepa,2025-11-14,22.4,68.4,6.0
banepa,2025-11-15,26.2,59.0,3.2
banepa,2025-11-16,24.3,68.1,0.5
banepa,2025-11-17,22.6,62.8,1.0
banepa,2025-11-18,17.7,57.7,7.0
banepa,2025-11-19,21.1,66.7,3.7
banepa,2025-11-20,21.2,70.6,3.7
banepa,2025-11-21,23.2,52.2,0.4
banepa,2025-11-22,27.5,63.2,5.6
banepa,2025-11-23,26.1,58.6,1.4
banepa,2025-11-24,22.3,61.5,2.9
banepa,2025-11-25,22.6,59.1,0.2
banepa,2025-11-26,22.1,79.9,0.1
banepa,2025-11-27,23.6,59.6,0.5
banepa,2025-11-28,18.4,59.7,3.1
banepa,2025-11-29,17.4,65.8,8.7
banepa,2025-11-30,25.2,65.3,10.6
banepa,2025-12-01,15.0,81.6,1.1
banepa,2025-12-02,17.0,56.3,1.6
banepa,2025-12-03,13.0,63.6,0.6
banepa,2025-12-04,18.1,56.7,2.1
banepa,2025-12-05,8.6,64.4,0.1
banepa,2025-12-06,9.8,61.7,0.2
banepa,2025-12-07,7.4,56.6,0.5
banepa,2025-12-08,8.5,54.5,1.5
banepa,2025-12-09,12.7,66.2,1.9
banepa,2025-12-10,13.2,56.9,0.6
banepa,2025-12-11,14.0,69.8,0.4
banepa,2025-12-12,17.3,69.5,0.8
banepa,2025-12-13,19.6,63.2,1.0
banepa,2025-12-14,14.3,57.8,2.6
banepa,2025-12-15,1.7,53.8,1.2
banepa,2025-12-16,5.6,54.6,0.4
banepa,2025-12-17,11.4,48.6,0.9
banepa,2025-12-18,14.9,64.3,0.4
banepa,2025-12-19,8.9,60.5,0.6
banepa,2025-12-20,12.7,49.7,2.5
banepa,2025-12-21,12.3,58.4,3.5
banepa,2025-12-22,14.2,68.1,1.1
banepa,2025-12-23,16.0,63.8,0.8
banepa,2025-12-24,12.8,46.3,1.2
banepa,2025-12-25,10.4,64.2,2.8
banepa,2025-12-26,11.2,65.7,1.0
banepa,2025-12-27,18.6,50.6,0.2
banepa,2025-12-28,8.2,77.2,0.6
banepa,2025-12-29,13.1,64.5,3.1
banepa,2025-12-30,13.7,52.4,0.8
banepa,2025-12-31,7.4,56.6,0.9
pokhara,2024-01-01,5.9,46.9,0.2
pokhara,2024-01-02,3.1,71.0,0.2
pokhara,2024-01-03,14.2,59.9,1.1
pokhara,2024-01-04,12.4,58.9,1.2
pokhara,2024-01-05,9.7,68.8,0.1
pokhara,2024-01-06,8.4,58.6,3.5
pokhara,2024-01-07,4.4,66.6,0.2
pokhara,2024-01-08,11.0,68.0,1.5
pokhara,2024-01-09,17.3,60.7,1.1
pokhara,2024-01-10,8.1,62.8,0.2
pokhara,2024-01-11,14.2,62.1,0.3
pokhara,2024-01-12,11.6,66.7,3.7
pokhara,2024-01-13,15.7,69.2,4.8
pokhara,2024-01-14,12.0,66.5,0.6
pokhara,2024-01-15,6.6,68.8,0.7
pokhara,2024-01-16,9.7,55.3,0.7
pokhara,2024-01-17,-0.6,59.5,0.4
pokhara,2024-01-18,9.5,58.1,0.1
pokhara,2024-01-19,6.6,58.3,0.1
pokhara,2024-01-20,9.3,74.3,3.5
pokhara,2024-01-21,6.6,67.6,0.3
pokhara,2024-01-22,12.8,71.6,0.4
pokhara,2024-01-23,2.9,68.3,0.5
pokhara,2024-01-24,11.5,54.4,0.1
pokhara,2024-01-25,5.5,56.8,0.4
pokhara,2024-01-26,10.5,67.1,0.6
pokhara,2024-01-27,9.3,45.7,0.0
pokhara,2024-01-28,4.8,59.2,1.5
pokhara,2024-01-29,4.1,66.4,4.3
pokhara,2024-01-30,16.3,64.1,0.6
pokhara,2024-01-31,7.1,62.3,0.0
pokhara,2024-02-01,2.2,74.8,0.2
pokhara,2024-02-02,9.4,61.7,0.0
pokhara,2024-02-03,7.6,70.6,1.1
pokhara,2024-02-04,7.2,68.5,0.3
pokhara,2024-02-05,7.8,69.2,1.9
pokhara,2024-02-06,7.5,71.0,0.1
pokhara,2024-02-07,12.8,60.9,0.3
pokhara,2024-02-08,6.7,71.4,0.7
pokhara,2024-02-09,8.6,65.9,1.3
pokhara,2024-02-10,14.1,69.1,0.7
pokhara,2024-02-11,12.8,58.3,0.0
pokhara,2024-02-12,12.0,63.2,1.2
pokhara,2024-02-13,8.0,57.4,1.4
pokhara,2024-02-14,6.3,60.0,0.2
pokhara,2024-02-15,11.2,73.0,3.6
pokhara,2024-02-16,9.6,46.8,2.8
pokhara,2024-02-17,5.8,43.4,1.1
pokhara,2024-02-18,4.7,43.0,1.6
pokhara,2024-02-19,9.2,62.9,0.5
pokhara,2024-02-20,12.5,60.2,0.7
pokhara,2024-02-21,5.5,60.4,0.6
pokhara,2024-02-22,3.0,70.9,0.4
pokhara,2024-02-23,13.4,38.5,0.7
pokhara,2024-02-24,11.6,58.0,5.1
pokhara,2024-02-25,8.2,58.4,0.7
pokhara,2024-02-26,10.5,62.6,1.3
pokhara,2024-02-27,12.1,59.4,1.2
pokhara,2024-02-28,13.9,65.1,3.1
pokhara,2024-02-29,4.8,52.2,1.3
pokhara,2024-03-01,13.3,70.8,2.6
pokhara,2024-03-02,18.8,51.9,1.7
pokhara,2024-03-03,24.4,56.8,9.3
pokhara,2024-03-04,16.6,48.0,2.4
pokhara,2024-03-05,19.2,74.3,26.5
pokhara,2024-03-06,15.8,61.1,0.3
pokhara,2024-03-07,13.7,69.6,17.0
pokhara,2024-03-08,18.2,76.1,12.6
pokhara,2024-03-09,21.3,51.5,5.6
pokhara,2024-03-10,14.1,63.2,3.1
pokhara,2024-03-11,23.4,69.5,19.2
pokhara,2024-03-12,17.3,60.0,1.2
pokhara,2024-03-13,15.4,73.7,0.0
pokhara,2024-03-14,17.8,64.1,9.9
pokhara,2024-03-15,21.6,66.4,5.0
pokhara,2024-03-16,21.4,77.4,6.4
pokhara,2024-03-17,26.4,54.0,6.5
pokhara,2024-03-18,13.7,59.2,8.1
pokhara,2024-03-19,17.0,59.9,0.5
pokhara,2024-03-20,19.1,61.2,4.0
pokhara,2024-03-21,18.8,64.7,3.2
pokhara,2024-03-22,17.1,78.3,8.8
pokhara,2024-03-23,14.1,53.5,6.9
pokhara,2024-03-24,19.4,52.7,6.9
pokhara,2024-03-25,20.0,44.8,6.7
pokhara,2024-03-26,20.4,56.7,4.4
pokhara,2024-03-27,13.6,71.4,0.2
pokhara,2024-03-28,23.3,64.4,12.0
pokhara,2024-03-29,18.8,67.4,4.7
pokhara,2024-03-30,22.2,71.1,0.7
pokhara,2024-03-31,14.4,87.6,15.4
pokhara,2024-04-01,23.6,68.1,8.0
pokhara,2024-04-02,16.8,64.9,4.7
pokhara,2024-04-03,18.7,79.4,3.0
pokhara,2024-04-04,16.5,76.1,7.2
pokhara,2024-04-05,14.9,60.1,5.2
pokhara,2024-04-06,15.4,62.8,0.7
pokhara,2024-04-07,18.2,66.2,1.4
pokhara,2024-04-08,13.7,48.2,3.9
pokhara,2024-04-09,14.7,70.7,4.9
pokhara,2024-04-10,16.4,57.5,0.2
pokhara,2024-04-11,13.1,52.9,8.1
pokhara,2024-04-12,18.0,63.8,0.8
pokhara,2024-04-13,14.0,64.5,0.1
pokhara,2024-04-14,22.0,52.4,2.0
pokhara,2024-04-15,15.6,60.1,0.8
pokhara,2024-04-16,17.4,66.9,4.3
pokhara,2024-04-17,19.6,89.2,21.0
pokhara,2024-04-18,14.0,55.6,7.4
pokhara,2024-04-19,15.7,63.4,1.7
pokhara,2024-04-20,18.1,47.3,0.8
pokhara,2024-04-21,16.9,37.8,0.5
pokhara,2024-04-22,20.2,58.3,2.0
pokhara,2024-04-23,15.9,63.7,2.0
pokhara,2024-04-24,18.4,53.7,0.8
pokhara,2024-04-25,20.7,82.9,5.1
pokhara,2024-04-26,15.0,54.6,0.6
pokhara,2024-04-27,14.2,51.6,2.1
pokhara,2024-04-28,19.1,56.3,0.3
pokhara,2024-04-29,15.5,55.6,7.6
pokhara,2024-04-30,13.3,62.1,1.2
pokhara,2024-05-01,17.9,66.9,3.3
pokhara,2024-05-02,20.3,91.4,16.4
pokhara,2024-05-03,13.8,56.8,1.3
pokhara,2024-05-04,12.0,66.7,23.2
pokhara,2024-05-05,16.8,78.1,17.7
pokhara,2024-05-06,19.0,61.3,8.0
pokhara,2024-05-07,20.0,67.7,3.2
pokhara,2024-05-08,14.8,68.1,13.3
pokhara,2024-05-09,18.1,58.7,2.0
pokhara,2024-05-10,16.9,59.7,5.6
pokhara,2024-05-11,17.4,56.4,7.5
pokhara,2024-05-12,21.0,52.5,2.5
pokhara,2024-05-13,16.2,65.5,5.3
pokhara,2024-05-14,19.4,54.8,6.5
pokhara,2024-05-15,13.0,59.5,3.4
pokhara,2024-05-16,19.7,57.2,0.3
pokhara,2024-05-17,14.5,68.7,5.1
pokhara,2024-05-18,20.4,65.5,9.3
pokhara,2024-05-19,14.3,66.2,0.1
pokhara,2024-05-20,16.8,59.5,14.3
pokhara,2024-05-21,15.5,64.4,20.3
pokhara,2024-05-22,20.9,61.9,4.1
pokhara,2024-05-23,20.4,80.8,0.3
pokhara,2024-05-24,20.0,49.5,1.8
pokhara,2024-05-25,21.6,54.2,1.0
pokhara,2024-05-26,15.2,61.8,7.4
pokhara,2024-05-27,16.4,78.1,0.9
pokhara,2024-05-28,18.2,59.3,2.2
pokhara,2024-05-29,11.0,58.5,10.9
pokhara,2024-05-30,20.3,55.6,2.3
pokhara,2024-05-31,18.4,56.1,5.8
pokhara,2024-06-01,24.6,67.5,7.2
pokhara,2024-06-02,27.2,82.4,49.8
pokhara,2024-06-03,25.9,83.6,10.1
pokhara,2024-06-04,20.5,45.7,3.6
pokhara,2024-06-05,25.2,82.3,30.3
pokhara,2024-06-06,24.5,72.9,26.8
pokhara,2024-06-07,27.5,65.2,3.6
pokhara,2024-06-08,21.6,63.9,5.9
pokhara,2024-06-09,25.2,58.9,2.2
pokhara,2024-06-10,26.0,67.3,19.9
pokhara,2024-06-11,23.0,73.5,19.8
pokhara,2024-06-12,18.6,72.7,15.2
pokhara,2024-06-13,20.2,81.3,28.5
pokhara,2024-06-14,17.9,57.0,2.6
pokhara,2024-06-15,21.2,71.4,31.2
pokhara,2024-06-16,23.1,52.3,10.5
pokhara,2024-06-17,22.5,68.8,17.3
pokhara,2024-06-18,22.9,69.7,17.9
pokhara,2024-06-19,23.2,81.4,28.7
pokhara,2024-06-20,25.1,79.5,31.0
pokhara,2024-06-21,22.9,66.3,22.8
pokhara,2024-06-22,24.6,67.9,9.8
pokhara,2024-06-23,24.0,83.9,34.8
pokhara,2024-06-24,21.7,81.2,31.4
pokhara,2024-06-25,20.9,38.2,6.0
pokhara,2024-06-26,24.5,69.9,45.3
pokhara,2024-06-27,23.2,92.5,65.0
pokhara,2024-06-28,24.6,71.7,20.6
pokhara,2024-06-29,28.1,72.7,13.7
pokhara,2024-06-30,23.9,59.9,27.0
pokhara,2024-07-01,25.8,60.3,16.9
pokhara,2024-07-02,21.5,96.1,59.1
pokhara,2024-07-03,17.8,68.4,13.7
pokhara,2024-07-04,21.4,61.1,3.9
pokhara,2024-07-05,24.9,58.0,8.0
pokhara,2024-07-06,23.8,68.4,17.1
pokhara,2024-07-07,22.4,78.2,41.3
pokhara,2024-07-08,18.1,72.0,15.2
pokhara,2024-07-09,18.8,65.3,36.4
pokhara,2024-07-10,28.6,62.2,10.9
pokhara,2024-07-11,18.7,88.5,24.1
pokhara,2024-07-12,21.3,72.0,16.4
pokhara,2024-07-13,23.4,66.6,21.3
pokhara,2024-07-14,31.2,71.8,10.9
pokhara,2024-07-15,22.9,59.1,18.4
pokhara,2024-07-16,16.9,80.6,27.1
pokhara,2024-07-17,24.7,76.4,21.5
pokhara,2024-07-18,27.2,81.0,33.5
pokhara,2024-07-19,25.5,67.6,10.3
pokhara,2024-07-20,18.5,77.8,30.1
pokhara,2024-07-21,26.0,64.8,6.9
pokhara,2024-07-22,33.0,82.9,26.6
pokhara,2024-07-23,28.4,72.7,17.1
pokhara,2024-07-24,25.6,47.5,1.5
pokhara,2024-07-25,21.1,77.7,24.0
pokhara,2024-07-26,21.4,56.8,6.3
pokhara,2024-07-27,22.0,60.6,19.4
pokhara,2024-07-28,26.1,90.7,26.4
pokhara,2024-07-29,21.8,62.2,12.0
pokhara,2024-07-30,29.5,64.3,21.9
pokhara,2024-07-31,19.8,64.3,21.7
pokhara,2024-08-01,21.3,58.9,21.0
pokhara,2024-08-02,23.9,70.1,22.4
pokhara,2024-08-03,19.6,68.0,38.7
pokhara,2024-08-04,24.5,71.7,33.2
pokhara,2024-08-05,21.4,75.4,57.9
pokhara,2024-08-06,25.3,57.6,26.6
pokhara,2024-08-07,20.5,79.9,52.3
pokhara,2024-08-08,24.7,65.4,35.3
pokhara,2024-08-09,23.3,78.0,57.8
pokhara,2024-08-10,24.3,73.7,36.8
pokhara,2024-08-11,27.3,69.2,23.4
pokhara,2024-08-12,23.1,63.9,12.4
pokhara,2024-08-13,26.2,88.9,54.0
pokhara,2024-08-14,21.6,69.7,41.5
pokhara,2024-08-15,25.0,62.0,5.6
pokhara,2024-08-16,25.8,63.2,18.4
pokhara,2024-08-17,24.5,69.3,30.0
pokhara,2024-08-18,21.3,64.6,17.9
pokhara,2024-08-19,25.7,62.7,24.6
pokhara,2024-08-20,23.8,69.2,11.3
pokhara,2024-08-21,23.1,69.1,19.5
pokhara,2024-08-22,27.9,72.7,20.0
pokhara,2024-08-23,28.8,64.1,15.5
pokhara,2024-08-24,25.3,68.4,25.5
pokhara,2024-08-25,32.0,69.0,33.0
pokhara,2024-08-26,18.0,75.3,19.1
pokhara,2024-08-27,15.9,81.6,20.9
pokhara,2024-08-28,23.7,68.5,17.2
pokhara,2024-08-29,22.7,68.2,19.9
pokhara,2024-08-30,17.8,67.3,17.9
pokhara,2024-08-31,23.4,53.6,12.2
pokhara,2024-09-01,25.4,76.1,21.0
pokhara,2024-09-02,20.6,68.8,2.6
pokhara,2024-09-03,15.5,67.3,32.2
pokhara,2024-09-04,20.2,82.7,41.4
pokhara,2024-09-05,18.4,75.7,27.5
pokhara,2024-09-06,16.2,70.5,28.7
pokhara,2024-09-07,20.6,74.4,36.0
pokhara,2024-09-08,19.6,66.9,16.5
pokhara,2024-09-09,20.1,57.9,6.0
pokhara,2024-09-10,15.8,71.1,33.4
pokhara,2024-09-11,17.7,60.9,4.2
pokhara,2024-09-12,18.8,82.2,35.2
pokhara,2024-09-13,19.2,86.2,39.6
pokhara,2024-09-14,14.5,43.6,6.4
pokhara,2024-09-15,24.0,65.7,6.8
pokhara,2024-09-16,19.1,70.5,21.8
pokhara,2024-09-17,22.5,78.6,35.6
pokhara,2024-09-18,17.8,64.6,17.1
pokhara,2024-09-19,15.1,74.1,30.3
pokhara,2024-09-20,19.4,80.5,31.9
pokhara,2024-09-21,19.9,55.5,2.5
pokhara,2024-09-22,17.2,75.0,14.3
pokhara,2024-09-23,22.3,67.4,25.4
pokhara,2024-09-24,19.2,75.6,12.2
pokhara,2024-09-25,16.5,77.1,17.2
pokhara,2024-09-26,12.4,72.2,11.8
pokhara,2024-09-27,16.7,75.3,20.8
pokhara,2024-09-28,20.1,55.0,15.4
pokhara,2024-09-29,16.3,74.0,9.2
pokhara,2024-09-30,18.8,69.2,13.5
pokhara,2024-10-01,17.7,51.9,2.2
pokhara,2024-10-02,15.0,64.4,6.1
pokhara,2024-10-03,16.1,46.0,7.6
pokhara,2024-10-04,15.6,62.3,1.9
pokhara,2024-10-05,18.2,72.6,1.4
pokhara,2024-10-06,19.4,65.3,2.1
pokhara,2024-10-07,17.7,62.4,5.4
pokhara,2024-10-08,17.4,55.1,0.9
pokhara,2024-10-09,22.6,52.5,1.5
pokhara,2024-10-10,21.3,76.6,1.3
pokhara,2024-10-11,16.4,63.1,1.1
pokhara,2024-10-12,19.4,64.0,0.8
pokhara,2024-10-13,25.8,71.3,3.2
pokhara,2024-10-14,15.4,69.6,0.7
pokhara,2024-10-15,20.9,56.1,4.1
pokhara,2024-10-16,15.8,62.8,9.9
pokhara,2024-10-17,27.4,62.2,2.9
pokhara,2024-10-18,20.0,76.8,2.0
pokhara,2024-10-19,19.7,61.2,6.3
pokhara,2024-10-20,21.0,65.9,1.4
pokhara,2024-10-21,16.6,71.3,11.8
pokhara,2024-10-22,23.0,58.1,0.6
pokhara,2024-10-23,17.7,69.9,0.5
pokhara,2024-10-24,14.7,62.5,2.4
pokhara,2024-10-25,24.4,64.0,1.2
pokhara,2024-10-26,18.2,63.0,3.8
pokhara,2024-10-27,17.8,72.9,4.4
pokhara,2024-10-28,17.3,47.4,2.8
pokhara,2024-10-29,16.9,55.2,1.8
pokhara,2024-10-30,15.2,63.0,3.5
pokhara,2024-10-31,21.1,60.0,0.8
pokhara,2024-11-01,14.2,70.1,3.6
pokhara,2024-11-02,14.7,79.0,0.2
pokhara,2024-11-03,20.9,76.6,11.5
pokhara,2024-11-04,19.3,62.2,0.8
pokhara,2024-11-05,14.8,61.1,4.2
pokhara,2024-11-06,15.9,56.1,9.0
pokhara,2024-11-07,17.2,61.9,3.3
pokhara,2024-11-08,16.0,60.9,5.1
pokhara,2024-11-09,13.1,74.0,8.2
pokhara,2024-11-10,20.0,51.9,7.9
pokhara,2024-11-11,14.9,63.2,0.2
pokhara,2024-11-12,16.1,59.4,1.3
pokhara,2024-11-13,20.6,67.5,0.9
pokhara,2024-11-14,18.0,68.2,2.8
pokhara,2024-11-15,18.5,64.2,0.8
pokhara,2024-11-16,21.5,71.9,7.0
pokhara,2024-11-17,11.1,73.4,4.0
pokhara,2024-11-18,21.2,56.0,2.4
pokhara,2024-11-19,23.2,67.1,6.3
pokhara,2024-11-20,28.6,70.6,1.0
pokhara,2024-11-21,15.3,65.6,0.9
pokhara,2024-11-22,16.2,73.2,2.3
pokhara,2024-11-23,19.8,58.1,6.6
pokhara,2024-11-24,13.5,56.6,4.0
pokhara,2024-11-25,19.2,52.4,0.1
pokhara,2024-11-26,15.0,67.6,1.1
pokhara,2024-11-27,20.8,55.7,10.1
pokhara,2024-11-28,19.2,81.9,0.2
pokhara,2024-11-29,15.7,60.6,5.6
pokhara,2024-11-30,18.0,56.1,9.8
pokhara,2024-12-01,13.0,66.5,2.2
pokhara,2024-12-02,11.9,50.6,1.0
pokhara,2024-12-03,6.1,53.5,2.8
pokhara,2024-12-04,9.6,56.4,0.7
pokhara,2024-12-05,11.7,63.0,1.7
pokhara,2024-12-06,10.7,53.1,1.9
pokhara,2024-12-07,11.7,62.0,1.3
pokhara,2024-12-08,3.9,63.9,0.7
pokhara,2024-12-09,7.2,55.2,1.0
pokhara,2024-12-10,10.6,66.5,0.1
pokhara,2024-12-11,2.8,52.0,4.6
pokhara,2024-12-12,8.3,63.0,0.1
pokhara,2024-12-13,13.9,43.8,0.2
pokhara,2024-12-14,8.4,52.8,0.1
pokhara,2024-12-15,8.2,46.2,0.2
pokhara,2024-12-16,4.6,58.9,0.0
pokhara,2024-12-17,11.0,63.9,0.1
pokhara,2024-12-18,16.2,63.1,0.4
pokhara,2024-12-19,7.0,55.9,0.3
pokhara,2024-12-20,11.1,56.8,4.3
pokhara,2024-12-21,5.6,58.1,1.3
pokhara,2024-12-22,6.6,62.2,1.1
pokhara,2024-12-23,13.2,52.3,3.3
pokhara,2024-12-24,8.4,74.9,0.0
pokhara,2024-12-25,3.5,67.7,0.2
pokhara,2024-12-26,5.7,56.7,0.5
pokhara,2024-12-27,9.5,63.8,0.1
pokhara,2024-12-28,5.6,64.1,0.5
pokhara,2024-12-29,0.9,48.1,0.3
pokhara,2024-12-30,5.7,56.3,0.6
pokhara,2024-12-31,10.8,43.6,0.1
pokhara,2025-01-01,5.7,58.8,0.1
pokhara,2025-01-02,0.3,61.6,0.9
pokhara,2025-01-03,11.0,58.5,1.6
pokhara,2025-01-04,2.9,50.0,1.5
pokhara,2025-01-05,12.3,63.5,0.5
pokhara,2025-01-06,7.3,70.1,0.2
pokhara,2025-01-07,10.4,71.2,0.7
pokhara,2025-01-08,14.1,40.0,1.9
pokhara,2025-01-09,9.9,67.3,1.5
pokhara,2025-01-10,2.0,76.2,3.1
pokhara,2025-01-11,10.6,55.8,0.2
pokhara,2025-01-12,3.9,54.7,0.7
pokhara,2025-01-13,10.8,53.3,0.8
pokhara,2025-01-14,11.7,38.5,1.9
pokhara,2025-01-15,11.1,39.2,2.9
pokhara,2025-01-16,6.0,47.4,0.5
pokhara,2025-01-17,11.8,68.2,0.8
pokhara,2025-01-18,12.9,53.6,1.0
pokhara,2025-01-19,4.1,47.2,1.3
pokhara,2025-01-20,11.0,72.6,1.4
pokhara,2025-01-21,4.8,55.4,0.4
pokhara,2025-01-22,14.8,68.7,0.6
pokhara,2025-01-23,5.9,67.3,2.4
pokhara,2025-01-24,8.3,62.5,0.2
pokhara,2025-01-25,9.0,53.2,0.1
pokhara,2025-01-26,-3.9,55.6,1.8
pokhara,2025-01-27,9.0,55.4,0.3
pokhara,2025-01-28,0.4,62.7,0.1
pokhara,2025-01-29,12.9,60.6,2.8
pokhara,2025-01-30,6.8,67.3,1.4
pokhara,2025-01-31,9.5,52.1,3.1
pokhara,2025-02-01,7.3,53.5,0.1
pokhara,2025-02-02,12.6,54.7,0.5
pokhara,2025-02-03,11.5,62.1,0.2
pokhara,2025-02-04,4.5,60.2,0.6
pokhara,2025-02-05,10.4,55.6,0.2
pokhara,2025-02-06,9.5,69.3,1.4
pokhara,2025-02-07,19.4,64.2,0.0
pokhara,2025-02-08,3.1,65.4,0.0
pokhara,2025-02-09,9.6,56.8,1.8
pokhara,2025-02-10,6.8,53.8,0.4
pokhara,2025-02-11,12.6,50.1,0.3
pokhara,2025-02-12,16.2,55.9,0.6
pokhara,2025-02-13,7.1,51.0,0.8
pokhara,2025-02-14,1.0,67.5,0.2
pokhara,2025-02-15,1.5,57.2,0.2
pokhara,2025-02-16,5.9,66.2,1.2
pokhara,2025-02-17,4.4,63.7,0.0
pokhara,2025-02-18,4.5,70.4,0.6
pokhara,2025-02-19,5.7,54.3,1.1
pokhara,2025-02-20,1.7,61.7,2.9
pokhara,2025-02-21,8.8,53.0,1.3
pokhara,2025-02-22,7.9,56.9,0.2
pokhara,2025-02-23,12.2,59.1,0.6
pokhara,2025-02-24,8.3,55.5,0.0
pokhara,2025-02-25,5.8,56.4,0.1
pokhara,2025-02-26,5.0,80.0,0.7
pokhara,2025-02-27,9.8,57.1,0.9
pokhara,2025-02-28,10.5,54.3,1.9
pokhara,2025-03-01,19.3,59.2,4.2
pokhara,2025-03-02,17.5,74.4,2.9
pokhara,2025-03-03,20.9,55.0,5.2
pokhara,2025-03-04,18.7,62.1,9.7
pokhara,2025-03-05,14.0,58.9,2.9
pokhara,2025-03-06,24.1,52.7,1.4
pokhara,2025-03-07,16.7,64.2,2.4
pokhara,2025-03-08,17.2,83.1,5.2
pokhara,2025-03-09,17.1,57.5,2.6
pokhara,2025-03-10,15.7,65.1,1.2
pokhara,2025-03-11,19.7,62.2,9.6
pokhara,2025-03-12,20.8,75.7,1.9
pokhara,2025-03-13,21.2,54.2,2.5
pokhara,2025-03-14,21.0,62.3,0.0
pokhara,2025-03-15,18.1,68.0,1.6
pokhara,2025-03-16,16.0,69.1,11.1
pokhara,2025-03-17,16.8,79.3,6.6
pokhara,2025-03-18,17.3,60.3,1.0
pokhara,2025-03-19,19.7,57.8,3.9
pokhara,2025-03-20,17.8,55.6,1.3
pokhara,2025-03-21,19.6,65.2,6.0
pokhara,2025-03-22,15.0,54.1,0.9
pokhara,2025-03-23,17.7,54.4,1.0
pokhara,2025-03-24,15.3,59.9,4.9
pokhara,2025-03-25,26.7,64.0,3.1
pokhara,2025-03-26,18.9,69.5,24.7
pokhara,2025-03-27,18.2,79.4,23.9
pokhara,2025-03-28,14.9,49.5,9.4
pokhara,2025-03-29,19.8,51.3,0.4
pokhara,2025-03-30,20.5,51.5,0.9
pokhara,2025-03-31,14.8,64.6,7.0
pokhara,2025-04-01,20.0,67.6,4.3
pokhara,2025-04-02,18.6,52.2,5.1
pokhara,2025-04-03,15.0,67.6,5.8
pokhara,2025-04-04,21.7,66.4,1.2
pokhara,2025-04-05,21.0,69.3,3.1
pokhara,2025-04-06,20.1,64.2,4.6
pokhara,2025-04-07,19.6,50.1,4.6
pokhara,2025-04-08,22.4,62.3,1.1
pokhara,2025-04-09,20.3,60.2,11.4
pokhara,2025-04-10,16.8,66.4,12.1
pokhara,2025-04-11,14.0,58.6,17.4
pokhara,2025-04-12,15.6,46.8,4.3
pokhara,2025-04-13,20.0,58.2,2.5
pokhara,2025-04-14,18.6,66.6,2.5
pokhara,2025-04-15,9.7,68.1,1.6
pokhara,2025-04-16,15.9,71.8,2.9
pokhara,2025-04-17,27.7,61.3,5.4
pokhara,2025-04-18,17.3,71.5,4.4
pokhara,2025-04-19,19.5,63.7,1.7
pokhara,2025-04-20,10.4,38.4,1.6
pokhara,2025-04-21,19.3,60.3,2.0
pokhara,2025-04-22,17.3,58.1,4.9
pokhara,2025-04-23,16.7,55.4,7.4
pokhara,2025-04-24,16.9,62.3,0.3
pokhara,2025-04-25,13.1,63.2,1.9
pokhara,2025-04-26,14.1,63.0,2.5
pokhara,2025-04-27,17.4,62.8,3.2
pokhara,2025-04-28,15.3,56.6,4.8
pokhara,2025-04-29,20.9,44.1,1.1
pokhara,2025-04-30,14.4,79.4,4.0
pokhara,2025-05-01,20.3,58.6,1.2
pokhara,2025-05-02,22.8,38.7,9.3
pokhara,2025-05-03,16.6,53.8,5.1
pokhara,2025-05-04,18.6,61.5,5.9
pokhara,2025-05-05,15.9,67.1,7.9
pokhara,2025-05-06,19.0,73.2,6.0
pokhara,2025-05-07,13.2,72.4,12.4
pokhara,2025-05-08,21.9,56.1,2.1
pokhara,2025-05-09,16.1,57.3,4.0
pokhara,2025-05-10,15.2,57.7,0.9
pokhara,2025-05-11,18.3,65.2,11.6
pokhara,2025-05-12,17.9,60.8,16.1
pokhara,2025-05-13,17.6,66.8,6.2
pokhara,2025-05-14,15.9,66.4,0.1
pokhara,2025-05-15,19.0,53.0,6.8
pokhara,2025-05-16,10.5,83.1,9.4
pokhara,2025-05-17,20.2,59.3,3.6
pokhara,2025-05-18,16.1,72.2,19.3
pokhara,2025-05-19,19.4,63.5,1.8
pokhara,2025-05-20,10.0,51.1,4.2
pokhara,2025-05-21,18.2,62.2,0.9
pokhara,2025-05-22,19.5,56.8,3.4
pokhara,2025-05-23,18.7,71.5,4.8
pokhara,2025-05-24,17.5,60.1,3.8
pokhara,2025-05-25,19.0,60.0,1.6
pokhara,2025-05-26,16.8,61.5,1.6
pokhara,2025-05-27,21.0,59.5,6.8
pokhara,2025-05-28,16.8,50.1,4.7
pokhara,2025-05-29,13.9,72.1,14.0
pokhara,2025-05-30,15.3,71.7,8.1
pokhara,2025-05-31,13.6,70.0,0.3
pokhara,2025-06-01,26.2,87.2,12.4
pokhara,2025-06-02,24.1,59.6,8.3
pokhara,2025-06-03,23.2,54.5,9.0
pokhara,2025-06-04,24.4,64.7,11.3
pokhara,2025-06-05,20.1,87.7,48.9
pokhara,2025-06-06,26.9,83.6,59.8
pokhara,2025-06-07,24.9,73.0,31.6
pokhara,2025-06-08,24.1,70.7,7.3
pokhara,2025-06-09,19.9,90.8,44.1
pokhara,2025-06-10,28.1,64.7,11.7
pokhara,2025-06-11,23.5,62.0,11.4
pokhara,2025-06-12,23.0,70.3,11.8
pokhara,2025-06-13,22.5,58.9,29.4
pokhara,2025-06-14,23.2,90.7,37.0
pokhara,2025-06-15,24.0,81.6,31.0
pokhara,2025-06-16,20.2,92.4,66.6
pokhara,2025-06-17,24.6,74.4,30.7
pokhara,2025-06-18,25.7,59.4,8.8
pokhara,2025-06-19,26.1,66.4,29.8
pokhara,2025-06-20,20.2,74.5,19.0
pokhara,2025-06-21,21.7,64.2,15.6
pokhara,2025-06-22,27.1,74.2,47.4
pokhara,2025-06-23,26.8,56.5,10.0
pokhara,2025-06-24,25.2,77.0,23.5
pokhara,2025-06-25,25.1,79.3,10.0
pokhara,2025-06-26,26.3,61.7,15.8
pokhara,2025-06-27,24.7,82.8,16.5
pokhara,2025-06-28,24.0,75.4,19.0
pokhara,2025-06-29,26.7,76.1,28.3
pokhara,2025-06-30,24.6,61.9,22.3
pokhara,2025-07-01,22.5,61.7,15.8
pokhara,2025-07-02,20.4,51.5,5.7
pokhara,2025-07-03,30.3,58.6,21.1
pokhara,2025-07-04,24.2,73.3,35.4
pokhara,2025-07-05,20.0,79.7,21.4
pokhara,2025-07-06,26.0,49.1,12.5
pokhara,2025-07-07,26.5,57.5,9.7
pokhara,2025-07-08,24.0,90.5,39.9
pokhara,2025-07-09,22.9,72.7,41.1
pokhara,2025-07-10,20.6,100.0,97.7
pokhara,2025-07-11,25.6,65.7,28.2
pokhara,2025-07-12,20.0,74.0,11.9
pokhara,2025-07-13,26.9,62.2,33.7
pokhara,2025-07-14,23.9,78.7,16.9
pokhara,2025-07-15,21.8,76.2,29.9
pokhara,2025-07-16,29.8,100.0,103.1
pokhara,2025-07-17,27.3,54.7,1.5
pokhara,2025-07-18,20.8,66.8,27.6
pokhara,2025-07-19,24.9,92.0,22.4
pokhara,2025-07-20,22.6,73.2,43.5
pokhara,2025-07-21,25.8,76.0,8.8
pokhara,2025-07-22,19.2,73.1,11.3
pokhara,2025-07-23,22.6,73.3,58.4
pokhara,2025-07-24,24.0,65.5,11.2
pokhara,2025-07-25,24.0,86.3,75.3
pokhara,2025-07-26,22.0,100.0,82.2
pokhara,2025-07-27,28.6,70.9,17.5
pokhara,2025-07-28,24.3,73.7,12.7
pokhara,2025-07-29,23.1,81.2,4.1
pokhara,2025-07-30,23.1,90.6,22.7
pokhara,2025-07-31,27.2,52.0,9.5
pokhara,2025-08-01,22.4,79.4,26.3
pokhara,2025-08-02,27.3,71.7,19.9
pokhara,2025-08-03,18.6,58.8,31.9
pokhara,2025-08-04,24.5,75.1,29.1
pokhara,2025-08-05,18.2,73.2,17.8
pokhara,2025-08-06,28.0,65.2,8.9
pokhara,2025-08-07,26.6,76.4,34.6
pokhara,2025-08-08,24.0,65.4,25.6
pokhara,2025-08-09,21.8,95.0,33.4
pokhara,2025-08-10,21.3,62.2,6.8
pokhara,2025-08-11,21.1,83.0,44.6
pokhara,2025-08-12,23.6,58.5,3.5
pokhara,2025-08-13,20.8,77.5,37.1
pokhara,2025-08-14,24.5,89.9,44.9
pokhara,2025-08-15,24.7,90.7,49.0
pokhara,2025-08-16,24.3,69.3,21.3
pokhara,2025-08-17,23.3,77.0,29.7
pokhara,2025-08-18,31.8,71.4,19.8
pokhara,2025-08-19,21.9,59.8,9.7
pokhara,2025-08-20,26.5,71.0,22.1
pokhara,2025-08-21,24.0,76.2,30.9
pokhara,2025-08-22,28.0,68.4,49.3
pokhara,2025-08-23,25.3,88.2,37.4
pokhara,2025-08-24,20.8,83.6,31.1
pokhara,2025-08-25,24.6,76.1,27.6
pokhara,2025-08-26,29.2,85.1,34.7
pokhara,2025-08-27,23.5,77.2,19.8
pokhara,2025-08-28,23.8,84.3,20.1
pokhara,2025-08-29,24.2,83.7,32.6
pokhara,2025-08-30,25.8,87.4,29.9
pokhara,2025-08-31,26.2,73.8,20.9
pokhara,2025-09-01,17.5,80.0,28.5
pokhara,2025-09-02,17.4,75.0,17.5
pokhara,2025-09-03,21.8,98.9,68.2
pokhara,2025-09-04,18.5,81.8,28.1
pokhara,2025-09-05,18.6,79.8,29.2
pokhara,2025-09-06,25.2,80.2,25.1
pokhara,2025-09-07,17.6,67.3,22.9
pokhara,2025-09-08,13.6,99.0,41.4
pokhara,2025-09-09,21.7,69.0,29.0
pokhara,2025-09-10,15.6,100.0,103.4
pokhara,2025-09-11,14.9,65.3,19.7
pokhara,2025-09-12,22.9,79.4,35.2
pokhara,2025-09-13,15.9,70.1,43.1
pokhara,2025-09-14,16.7,78.0,13.7
pokhara,2025-09-15,22.4,62.4,18.7
pokhara,2025-09-16,23.3,70.1,2.7
pokhara,2025-09-17,18.8,65.7,14.8
pokhara,2025-09-18,17.1,68.8,11.2
pokhara,2025-09-19,23.7,63.8,13.7
pokhara,2025-09-20,15.9,66.3,17.1
pokhara,2025-09-21,12.6,85.2,18.7
pokhara,2025-09-22,15.7,67.7,21.3
pokhara,2025-09-23,12.7,71.3,27.0
pokhara,2025-09-24,17.4,70.1,29.7
pokhara,2025-09-25,22.7,64.8,17.4
pokhara,2025-09-26,21.0,100.0,40.6
pokhara,2025-09-27,15.3,85.5,58.0
pokhara,2025-09-28,20.3,73.3,35.1
pokhara,2025-09-29,17.1,65.7,16.4
pokhara,2025-09-30,17.9,78.2,51.3
pokhara,2025-10-01,17.6,58.0,0.4
pokhara,2025-10-02,19.2,72.0,16.2
pokhara,2025-10-03,17.3,72.4,6.3
pokhara,2025-10-04,20.6,57.4,5.2
pokhara,2025-10-05,18.7,60.3,10.5
pokhara,2025-10-06,20.6,51.9,9.9
pokhara,2025-10-07,15.1,60.3,4.8
pokhara,2025-10-08,15.1,63.4,4.3
pokhara,2025-10-09,12.9,51.6,3.8
pokhara,2025-10-10,21.7,67.9,24.4
pokhara,2025-10-11,19.5,54.3,0.7
pokhara,2025-10-12,18.4,67.2,0.4
pokhara,2025-10-13,18.0,60.6,1.7
pokhara,2025-10-14,19.0,58.3,7.4
pokhara,2025-10-15,14.0,67.1,2.6
pokhara,2025-10-16,18.1,65.8,0.6
pokhara,2025-10-17,16.3,67.5,0.5
pokhara,2025-10-18,11.9,68.6,4.9
pokhara,2025-10-19,18.5,73.3,9.4
pokhara,2025-10-20,15.1,64.4,9.7
pokhara,2025-10-21,17.7,65.3,0.4
pokhara,2025-10-22,21.0,65.0,5.2
pokhara,2025-10-23,14.7,61.0,2.3
pokhara,2025-10-24,22.9,54.5,9.8
pokhara,2025-10-25,14.6,55.5,0.2
pokhara,2025-10-26,21.8,66.6,5.3
pokhara,2025-10-27,14.8,69.9,10.5
pokhara,2025-10-28,17.8,76.1,8.5
pokhara,2025-10-29,14.6,64.1,0.5
pokhara,2025-10-30,21.1,53.5,2.3
pokhara,2025-10-31,19.0,74.4,1.3
pokhara,2025-11-01,20.8,59.0,1.5
pokhara,2025-11-02,17.2,61.9,0.9
pokhara,2025-11-03,16.6,56.9,3.8
pokhara,2025-11-04,17.5,62.7,1.5
pokhara,2025-11-05,19.6,70.7,1.6
pokhara,2025-11-06,21.4,65.1,2.1
pokhara,2025-11-07,13.2,61.0,7.1
pokhara,2025-11-08,16.4,52.6,7.5
pokhara,2025-11-09,17.4,62.4,4.3
pokhara,2025-11-10,16.7,68.7,6.0
pokhara,2025-11-11,19.6,71.6,10.8
pokhara,2025-11-12,12.6,55.6,0.3
pokhara,2025-11-13,23.5,64.3,4.0
pokhara,2025-11-14,17.4,62.6,12.8
pokhara,2025-11-15,19.1,73.5,3.4
pokhara,2025-11-16,16.2,52.5,4.7
pokhara,2025-11-17,20.1,58.3,1.6
pokhara,2025-11-18,17.8,62.3,0.4
pokhara,2025-11-19,15.7,63.2,0.1
pokhara,2025-11-20,18.4,74.2,6.3
pokhara,2025-11-21,12.8,74.5,1.5
pokhara,2025-11-22,21.3,55.5,2.5
pokhara,2025-11-23,17.7,57.9,7.0
pokhara,2025-11-24,13.6,73.6,10.0
pokhara,2025-11-25,15.9,52.9,1.4
pokhara,2025-11-26,19.7,53.6,2.4
pokhara,2025-11-27,20.2,62.4,3.0
pokhara,2025-11-28,13.0,48.1,1.9
pokhara,2025-11-29,14.2,63.3,2.2
pokhara,2025-11-30,16.7,63.8,3.6
pokhara,2025-12-01,8.2,72.0,2.6
pokhara,2025-12-02,7.4,55.6,1.7
pokhara,2025-12-03,13.5,64.1,0.4
pokhara,2025-12-04,2.3,56.6,1.1
pokhara,2025-12-05,2.4,48.7,0.8
pokhara,2025-12-06,5.6,55.1,0.8
pokhara,2025-12-07,3.1,58.8,0.6
pokhara,2025-12-08,9.0,70.3,1.1
pokhara,2025-12-09,6.5,52.0,0.3
pokhara,2025-12-10,7.3,52.8,0.3
pokhara,2025-12-11,15.8,61.9,1.2
pokhara,2025-12-12,4.6,67.7,0.4
pokhara,2025-12-13,8.3,54.9,2.0
pokhara,2025-12-14,11.1,67.7,0.1
pokhara,2025-12-15,6.0,64.4,2.3
pokhara,2025-12-16,14.1,69.4,0.8
pokhara,2025-12-17,9.3,61.2,0.8
pokhara,2025-12-18,8.3,61.1,0.7
pokhara,2025-12-19,1.8,71.2,0.9
pokhara,2025-12-20,8.3,56.5,1.1
pokhara,2025-12-21,5.7,58.5,0.4
pokhara,2025-12-22,2.5,59.5,0.3
pokhara,2025-12-23,11.2,62.1,0.6
pokhara,2025-12-24,14.3,60.7,0.8
pokhara,2025-12-25,1.6,64.7,0.0
pokhara,2025-12-26,6.9,51.1,0.8
pokhara,2025-12-27,14.1,74.8,2.2
pokhara,2025-12-28,4.8,58.4,0.2
pokhara,2025-12-29,7.2,55.1,0.9
pokhara,2025-12-30,14.2,60.7,0.2
pokhara,2025-12-31,6.8,58.9,2.6
birgunj,2024-01-01,13.6,70.5,2.0
birgunj,2024-01-02,14.3,65.1,2.2
birgunj,2024-01-03,16.6,65.9,2.7
birgunj,2024-01-04,22.6,70.0,1.1
birgunj,2024-01-05,14.6,69.9,1.5
birgunj,2024-01-06,7.0,54.6,0.9
birgunj,2024-01-07,11.5,65.8,2.7
birgunj,2024-01-08,10.8,69.0,0.6
birgunj,2024-01-09,15.1,52.4,0.4
birgunj,2024-01-10,15.3,56.5,1.3
birgunj,2024-01-11,17.5,63.6,0.0
birgunj,2024-01-12,18.1,67.4,0.3
birgunj,2024-01-13,17.6,63.3,0.5
birgunj,2024-01-14,14.3,69.0,0.0
birgunj,2024-01-15,14.2,34.7,1.1
birgunj,2024-01-16,7.1,63.1,0.7
birgunj,2024-01-17,15.7,47.9,3.2
birgunj,2024-01-18,18.8,70.1,0.1
birgunj,2024-01-19,5.7,68.2,1.1
birgunj,2024-01-20,16.3,55.7,1.7
birgunj,2024-01-21,16.3,66.0,0.5
birgunj,2024-01-22,12.2,54.1,1.8
birgunj,2024-01-23,13.9,70.7,1.4
birgunj,2024-01-24,14.5,80.7,1.4
birgunj,2024-01-25,11.7,68.8,0.2
birgunj,2024-01-26,17.5,50.3,0.1
birgunj,2024-01-27,15.0,60.7,0.6
birgunj,2024-01-28,14.3,56.2,1.5
birgunj,2024-01-29,12.2,60.8,1.2
birgunj,2024-01-30,7.4,58.2,0.6
birgunj,2024-01-31,13.0,66.2,1.1
birgunj,2024-02-01,25.1,67.6,0.5
birgunj,2024-02-02,15.4,64.5,3.4
birgunj,2024-02-03,18.7,68.3,0.0
birgunj,2024-02-04,15.2,79.4,1.0
birgunj,2024-02-05,10.4,69.1,0.5
birgunj,2024-02-06,15.8,63.0,2.0
birgunj,2024-02-07,8.6,68.2,2.7
birgunj,2024-02-08,11.8,63.5,0.8
birgunj,2024-02-09,12.1,75.6,0.9
birgunj,2024-02-10,13.5,52.3,1.2
birgunj,2024-02-11,10.8,48.6,1.0
birgunj,2024-02-12,17.9,64.7,0.6
birgunj,2024-02-13,15.7,58.5,0.7
birgunj,2024-02-14,17.5,70.3,0.3
birgunj,2024-02-15,11.8,64.2,1.1
birgunj,2024-02-16,10.4,56.4,0.6
birgunj,2024-02-17,11.9,50.6,0.7
birgunj,2024-02-18,14.4,60.9,0.4
birgunj,2024-02-19,10.6,57.4,2.7
birgunj,2024-02-20,12.7,70.4,5.0
birgunj,2024-02-21,16.6,53.5,1.8
birgunj,2024-02-22,9.6,61.7,0.4
birgunj,2024-02-23,21.7,53.2,0.6
birgunj,2024-02-24,10.2,66.3,1.6
birgunj,2024-02-25,18.5,55.8,1.7
birgunj,2024-02-26,12.3,70.0,0.5
birgunj,2024-02-27,14.2,65.0,0.7
birgunj,2024-02-28,13.8,63.6,3.1
birgunj,2024-02-29,15.0,63.7,0.8
birgunj,2024-03-01,25.0,68.3,1.4
birgunj,2024-03-02,17.9,54.8,7.7
birgunj,2024-03-03,23.3,63.6,12.8
birgunj,2024-03-04,23.3,51.7,3.7
birgunj,2024-03-05,26.3,77.1,12.4
birgunj,2024-03-06,21.6,67.7,8.2
birgunj,2024-03-07,18.5,75.0,3.2
birgunj,2024-03-08,25.9,73.8,6.3
birgunj,2024-03-09,20.2,57.3,4.4
birgunj,2024-03-10,21.5,66.0,0.2
birgunj,2024-03-11,20.3,60.5,6.4
birgunj,2024-03-12,25.3,52.3,5.6
birgunj,2024-03-13,23.9,67.1,0.8
birgunj,2024-03-14,31.4,54.5,1.5
birgunj,2024-03-15,25.4,68.3,0.1
birgunj,2024-03-16,22.8,69.6,6.7
birgunj,2024-03-17,24.2,66.6,12.4
birgunj,2024-03-18,24.4,54.1,0.4
birgunj,2024-03-19,26.5,74.8,6.2
birgunj,2024-03-20,29.2,65.0,2.5
birgunj,2024-03-21,25.0,62.6,4.6
birgunj,2024-03-22,24.8,69.6,12.4
birgunj,2024-03-23,25.5,55.3,4.2
birgunj,2024-03-24,23.9,62.2,14.1
birgunj,2024-03-25,28.2,90.4,4.8
birgunj,2024-03-26,22.8,53.8,0.2
birgunj,2024-03-27,26.7,68.8,8.1
birgunj,2024-03-28,25.7,72.7,10.9
birgunj,2024-03-29,25.1,68.0,1.8
birgunj,2024-03-30,28.6,65.7,6.2
birgunj,2024-03-31,19.9,61.4,13.5
birgunj,2024-04-01,22.5,56.9,0.3
birgunj,2024-04-02,24.7,67.2,4.3
birgunj,2024-04-03,22.5,70.7,4.3
birgunj,2024-04-04,25.1,72.5,6.9
birgunj,2024-04-05,21.6,55.1,2.1
birgunj,2024-04-06,17.3,56.0,3.6
birgunj,2024-04-07,26.3,70.3,10.1
birgunj,2024-04-08,25.9,54.7,6.2
birgunj,2024-04-09,25.3,54.8,1.6
birgunj,2024-04-10,27.3,49.0,9.7
birgunj,2024-04-11,19.8,65.5,0.4
birgunj,2024-04-12,22.4,67.8,0.9
birgunj,2024-04-13,21.3,57.4,8.7
birgunj,2024-04-14,25.3,70.3,1.2
birgunj,2024-04-15,23.4,64.7,1.7
birgunj,2024-04-16,22.3,78.7,16.7
birgunj,2024-04-17,23.9,57.0,0.6
birgunj,2024-04-18,25.6,48.5,10.1
birgunj,2024-04-19,29.7,62.6,3.5
birgunj,2024-04-20,21.1,67.4,7.5
birgunj,2024-04-21,23.0,58.7,11.4
birgunj,2024-04-22,18.5,62.6,3.2
birgunj,2024-04-23,26.1,65.0,9.4
birgunj,2024-04-24,20.7,60.4,6.5
birgunj,2024-04-25,24.6,68.6,3.2
birgunj,2024-04-26,27.6,73.4,1.2
birgunj,2024-04-27,27.0,72.2,2.7
birgunj,2024-04-28,24.1,64.2,1.2
birgunj,2024-04-29,19.2,64.9,5.6
birgunj,2024-04-30,22.4,73.5,5.2
birgunj,2024-05-01,25.3,67.8,21.2
birgunj,2024-05-02,24.6,67.9,7.0
birgunj,2024-05-03,21.0,54.1,2.2
birgunj,2024-05-04,24.2,59.0,2.8
birgunj,2024-05-05,22.3,60.9,6.9
birgunj,2024-05-06,26.9,53.6,9.2
birgunj,2024-05-07,28.8,77.3,13.9
birgunj,2024-05-08,21.1,70.6,7.1
birgunj,2024-05-09,26.6,70.1,2.9
birgunj,2024-05-10,23.7,68.5,4.3
birgunj,2024-05-11,29.3,67.3,10.9
birgunj,2024-05-12,21.9,62.6,16.2
birgunj,2024-05-13,24.0,63.3,1.1
birgunj,2024-05-14,25.3,49.2,0.4
birgunj,2024-05-15,21.9,67.9,4.7
birgunj,2024-05-16,18.3,67.4,4.1
birgunj,2024-05-17,24.8,62.1,4.3
birgunj,2024-05-18,19.6,61.3,1.7
birgunj,2024-05-19,28.9,65.9,7.2
birgunj,2024-05-20,26.6,50.2,3.6
birgunj,2024-05-21,23.4,66.8,0.0
birgunj,2024-05-22,24.9,62.2,1.9
birgunj,2024-05-23,24.7,55.8,2.6
birgunj,2024-05-24,26.0,61.5,8.5
birgunj,2024-05-25,23.4,64.6,0.9
birgunj,2024-05-26,22.3,60.7,0.6
birgunj,2024-05-27,22.0,73.2,17.4
birgunj,2024-05-28,27.0,68.0,1.9
birgunj,2024-05-29,25.3,70.3,4.6
birgunj,2024-05-30,25.0,62.7,0.9
birgunj,2024-05-31,23.7,64.5,3.5
birgunj,2024-06-01,29.7,65.5,24.4
birgunj,2024-06-02,24.6,91.1,15.2
birgunj,2024-06-03,29.5,47.5,9.9
birgunj,2024-06-04,33.1,65.6,34.7
birgunj,2024-06-05,30.6,63.2,6.7
birgunj,2024-06-06,28.2,78.6,18.9
birgunj,2024-06-07,30.9,66.1,8.5
birgunj,2024-06-08,26.9,65.8,23.3
birgunj,2024-06-09,33.6,81.8,43.9
birgunj,2024-06-10,33.5,86.4,66.5
birgunj,2024-06-11,36.9,68.1,22.6
birgunj,2024-06-12,23.0,75.4,14.3
birgunj,2024-06-13,28.5,75.7,34.4
birgunj,2024-06-14,28.4,77.4,43.4
birgunj,2024-06-15,29.4,100.0,87.6
birgunj,2024-06-16,25.2,71.3,30.3
birgunj,2024-06-17,28.1,70.1,17.8
birgunj,2024-06-18,33.4,61.5,4.4
birgunj,2024-06-19,31.3,81.0,34.8
birgunj,2024-06-20,20.4,75.7,23.5
birgunj,2024-06-21,34.0,85.6,40.7
birgunj,2024-06-22,29.5,100.0,53.6
birgunj,2024-06-23,34.5,76.9,30.3
birgunj,2024-06-24,28.8,81.5,19.7
birgunj,2024-06-25,28.3,57.5,7.7
birgunj,2024-06-26,35.5,73.3,26.9
birgunj,2024-06-27,29.1,70.7,23.0
birgunj,2024-06-28,35.3,63.1,12.6
birgunj,2024-06-29,20.4,57.3,7.5
birgunj,2024-06-30,28.5,61.9,19.7
birgunj,2024-07-01,28.9,85.9,58.7
birgunj,2024-07-02,34.2,84.5,33.5
birgunj,2024-07-03,37.3,84.9,37.1
birgunj,2024-07-04,26.2,56.2,24.8
birgunj,2024-07-05,27.9,65.0,13.8
birgunj,2024-07-06,28.8,73.1,20.6
birgunj,2024-07-07,34.6,72.2,30.9
birgunj,2024-07-08,26.6,66.5,16.3
birgunj,2024-07-09,30.8,52.3,15.7
birgunj,2024-07-10,27.7,76.8,29.8
birgunj,2024-07-11,27.0,79.4,33.2
birgunj,2024-07-12,32.8,63.6,24.4
birgunj,2024-07-13,33.1,70.6,18.8
birgunj,2024-07-14,31.7,83.1,30.3
birgunj,2024-07-15,29.3,55.2,17.6
birgunj,2024-07-16,29.7,79.4,26.3
birgunj,2024-07-17,31.9,76.2,30.3
birgunj,2024-07-18,30.4,56.5,12.4
birgunj,2024-07-19,27.2,58.4,25.2
birgunj,2024-07-20,29.7,69.7,15.1
birgunj,2024-07-21,31.0,62.7,6.8
birgunj,2024-07-22,33.7,65.1,16.5
birgunj,2024-07-23,31.4,86.9,41.0
birgunj,2024-07-24,29.6,89.9,38.8
birgunj,2024-07-25,32.0,88.5,26.1
birgunj,2024-07-26,27.4,77.1,39.4
birgunj,2024-07-27,26.7,66.2,8.5
birgunj,2024-07-28,28.2,52.8,17.5
birgunj,2024-07-29,30.8,57.5,21.6
birgunj,2024-07-30,35.7,56.8,10.9
birgunj,2024-07-31,28.1,75.5,25.2
birgunj,2024-08-01,29.8,66.7,15.5
birgunj,2024-08-02,28.9,59.2,13.1
birgunj,2024-08-03,26.3,100.0,34.5
birgunj,2024-08-04,28.0,77.6,34.5
birgunj,2024-08-05,31.8,63.6,20.2
birgunj,2024-08-06,28.7,82.2,38.7
birgunj,2024-08-07,29.6,73.5,10.1
birgunj,2024-08-08,30.1,79.0,54.9
birgunj,2024-08-09,27.9,66.3,16.7
birgunj,2024-08-10,31.3,75.6,22.4
birgunj,2024-08-11,38.7,83.4,33.8
birgunj,2024-08-12,29.1,66.8,32.4
birgunj,2024-08-13,33.3,71.6,13.4
birgunj,2024-08-14,25.9,65.1,6.2
birgunj,2024-08-15,29.3,73.9,41.5
birgunj,2024-08-16,30.0,68.6,16.0
birgunj,2024-08-17,37.1,80.7,52.6
birgunj,2024-08-18,33.3,78.1,58.0
birgunj,2024-08-19,22.8,70.9,6.5
birgunj,2024-08-20,30.2,61.7,4.0
birgunj,2024-08-21,31.1,61.6,12.8
birgunj,2024-08-22,31.8,72.5,30.0
birgunj,2024-08-23,31.2,65.5,10.3
birgunj,2024-08-24,32.4,47.6,6.6
birgunj,2024-08-25,28.2,73.2,29.9
birgunj,2024-08-26,29.1,82.5,24.4
birgunj,2024-08-27,31.2,63.0,26.1
birgunj,2024-08-28,28.3,78.1,13.7
birgunj,2024-08-29,28.1,70.6,24.5
birgunj,2024-08-30,28.5,66.1,34.4
birgunj,2024-08-31,29.4,59.0,5.4
birgunj,2024-09-01,22.7,74.9,29.6
birgunj,2024-09-02,19.0,61.5,24.4
birgunj,2024-09-03,23.7,60.7,13.9
birgunj,2024-09-04,28.6,56.4,20.0
birgunj,2024-09-05,24.1,68.1,12.8
birgunj,2024-09-06,22.6,49.7,15.6
birgunj,2024-09-07,26.3,70.8,30.4
birgunj,2024-09-08,24.8,74.2,24.0
birgunj,2024-09-09,17.9,54.1,11.5
birgunj,2024-09-10,27.4,61.8,17.1
birgunj,2024-09-11,20.4,82.6,51.3
birgunj,2024-09-12,26.0,74.1,20.4
birgunj,2024-09-13,20.3,71.2,15.4
birgunj,2024-09-14,26.4,96.5,37.7
birgunj,2024-09-15,27.1,93.5,39.3
birgunj,2024-09-16,22.7,59.9,20.6
birgunj,2024-09-17,25.0,61.6,38.2
birgunj,2024-09-18,23.5,60.0,8.9
birgunj,2024-09-19,19.3,75.1,17.4
birgunj,2024-09-20,24.1,61.5,12.0
birgunj,2024-09-21,22.9,53.9,17.0
birgunj,2024-09-22,23.1,78.5,30.3
birgunj,2024-09-23,18.8,69.6,12.3
birgunj,2024-09-24,25.5,96.6,51.4
birgunj,2024-09-25,18.8,82.9,31.7
birgunj,2024-09-26,23.4,72.5,12.4
birgunj,2024-09-27,25.1,69.6,8.6
birgunj,2024-09-28,25.4,63.5,0.7
birgunj,2024-09-29,22.5,81.2,40.9
birgunj,2024-09-30,24.5,93.6,46.4
birgunj,2024-10-01,21.6,64.7,9.0
birgunj,2024-10-02,25.4,62.3,10.5
birgunj,2024-10-03,21.1,70.8,9.5
birgunj,2024-10-04,25.4,65.7,4.3
birgunj,2024-10-05,20.6,58.1,2.7
birgunj,2024-10-06,25.6,45.1,3.2
birgunj,2024-10-07,22.7,73.0,3.4
birgunj,2024-10-08,26.3,62.0,2.3
birgunj,2024-10-09,23.7,64.0,7.5
birgunj,2024-10-10,24.4,62.0,7.0
birgunj,2024-10-11,22.3,75.8,3.6
birgunj,2024-10-12,27.7,62.8,2.5
birgunj,2024-10-13,28.1,69.0,8.5
birgunj,2024-10-14,23.5,61.4,3.0
birgunj,2024-10-15,22.3,56.9,0.4
birgunj,2024-10-16,30.4,77.6,0.8
birgunj,2024-10-17,24.9,63.0,0.5
birgunj,2024-10-18,25.0,71.4,13.6
birgunj,2024-10-19,22.0,58.5,0.1
birgunj,2024-10-20,22.8,53.5,7.4
birgunj,2024-10-21,23.2,73.1,2.3
birgunj,2024-10-22,22.5,50.9,1.2
birgunj,2024-10-23,23.9,72.5,8.6
birgunj,2024-10-24,23.6,57.3,2.2
birgunj,2024-10-25,20.5,51.7,1.4
birgunj,2024-10-26,22.9,73.4,0.4
birgunj,2024-10-27,21.1,71.6,17.1
birgunj,2024-10-28,29.9,59.6,7.5
birgunj,2024-10-29,23.1,57.4,0.1
birgunj,2024-10-30,28.9,45.5,0.6
birgunj,2024-10-31,23.3,59.6,2.8
birgunj,2024-11-01,24.3,77.0,9.4
birgunj,2024-11-02,25.7,51.9,1.6
birgunj,2024-11-03,23.0,69.9,14.3
birgunj,2024-11-04,20.9,66.0,2.3
birgunj,2024-11-05,27.3,68.4,5.2
birgunj,2024-11-06,24.8,69.7,5.9
birgunj,2024-11-07,24.2,48.3,11.8
birgunj,2024-11-08,23.6,74.5,10.0
birgunj,2024-11-09,23.2,58.4,0.1
birgunj,2024-11-10,25.2,56.2,0.9
birgunj,2024-11-11,25.5,58.6,10.4
birgunj,2024-11-12,24.0,57.2,0.6
birgunj,2024-11-13,26.5,49.5,0.2
birgunj,2024-11-14,23.9,59.7,9.6
birgunj,2024-11-15,24.4,59.0,4.2
birgunj,2024-11-16,23.5,56.1,0.5
birgunj,2024-11-17,28.6,65.5,6.1
birgunj,2024-11-18,19.5,68.8,0.2
birgunj,2024-11-19,25.0,80.5,8.5
birgunj,2024-11-20,27.1,61.5,1.3
birgunj,2024-11-21,24.5,55.2,2.0
birgunj,2024-11-22,24.1,59.5,9.6
birgunj,2024-11-23,23.4,65.9,1.1
birgunj,2024-11-24,28.2,62.9,0.4
birgunj,2024-11-25,25.0,59.7,9.4
birgunj,2024-11-26,26.3,66.6,18.9
birgunj,2024-11-27,24.7,61.4,11.9
birgunj,2024-11-28,23.5,70.4,11.9
birgunj,2024-11-29,24.1,70.8,15.6
birgunj,2024-11-30,22.3,44.1,7.7
birgunj,2024-12-01,21.7,61.7,0.1
birgunj,2024-12-02,11.5,50.5,2.1
birgunj,2024-12-03,19.5,55.8,2.7
birgunj,2024-12-04,9.3,65.3,3.4
birgunj,2024-12-05,7.7,60.4,1.5
birgunj,2024-12-06,11.9,60.4,0.1
birgunj,2024-12-07,14.1,74.5,1.5
birgunj,2024-12-08,21.6,67.4,1.3
birgunj,2024-12-09,12.1,63.7,1.2
birgunj,2024-12-10,8.4,59.9,0.6
birgunj,2024-12-11,12.8,60.6,1.4
birgunj,2024-12-12,12.4,58.9,1.5
birgunj,2024-12-13,13.9,56.4,1.3
birgunj,2024-12-14,13.6,56.2,0.0
birgunj,2024-12-15,12.5,58.5,2.6
birgunj,2024-12-16,12.7,61.5,2.5
birgunj,2024-12-17,17.5,73.2,0.3
birgunj,2024-12-18,15.2,66.1,0.3
birgunj,2024-12-19,20.4,44.3,0.2
birgunj,2024-12-20,14.9,52.4,1.1
birgunj,2024-12-21,22.2,49.9,1.1
birgunj,2024-12-22,16.8,71.1,0.1
birgunj,2024-12-23,8.1,66.5,2.5
birgunj,2024-12-24,12.2,56.8,1.1
birgunj,2024-12-25,12.8,69.5,0.4
birgunj,2024-12-26,15.5,55.0,3.0
birgunj,2024-12-27,14.5,62.0,0.2
birgunj,2024-12-28,14.0,55.0,0.3
birgunj,2024-12-29,14.7,51.9,0.6
birgunj,2024-12-30,14.2,49.8,0.1
birgunj,2024-12-31,17.7,60.4,0.2
birgunj,2025-01-01,11.0,78.8,3.3
birgunj,2025-01-02,15.9,51.5,2.1
birgunj,2025-01-03,12.5,63.7,1.1
birgunj,2025-01-04,11.3,58.2,0.0
birgunj,2025-01-05,8.3,57.1,0.3
birgunj,2025-01-06,10.8,63.5,0.8
birgunj,2025-01-07,11.9,53.3,1.3
birgunj,2025-01-08,18.6,56.5,1.8
birgunj,2025-01-09,18.2,56.9,0.1
birgunj,2025-01-10,7.8,59.5,0.2
birgunj,2025-01-11,16.9,46.2,0.5
birgunj,2025-01-12,6.6,74.5,0.6
birgunj,2025-01-13,12.7,49.0,0.4
birgunj,2025-01-14,16.5,49.5,0.2
birgunj,2025-01-15,6.5,53.6,1.9
birgunj,2025-01-16,18.8,69.1,1.5
birgunj,2025-01-17,13.3,65.8,0.2
birgunj,2025-01-18,19.8,66.5,1.9
birgunj,2025-01-19,12.8,58.8,0.4
birgunj,2025-01-20,12.9,71.0,0.4
birgunj,2025-01-21,14.5,75.2,1.8
birgunj,2025-01-22,11.1,54.4,0.7
birgunj,2025-01-23,17.0,46.0,0.4
birgunj,2025-01-24,18.8,72.0,1.6
birgunj,2025-01-25,19.0,48.8,0.8
birgunj,2025-01-26,15.7,80.1,3.4
birgunj,2025-01-27,16.3,63.2,2.0
birgunj,2025-01-28,19.7,57.7,0.2
birgunj,2025-01-29,18.8,72.2,0.3
birgunj,2025-01-30,20.4,56.1,0.0
birgunj,2025-01-31,9.6,65.6,1.0
birgunj,2025-02-01,6.3,49.5,4.5
birgunj,2025-02-02,13.8,60.7,0.6
birgunj,2025-02-03,9.7,46.7,0.2
birgunj,2025-02-04,17.7,49.8,0.2
birgunj,2025-02-05,12.2,45.7,0.1
birgunj,2025-02-06,13.1,59.9,3.0
birgunj,2025-02-07,11.5,57.1,0.4
birgunj,2025-02-08,15.3,33.0,0.1
birgunj,2025-02-09,12.8,67.8,0.5
birgunj,2025-02-10,9.0,64.6,0.1
birgunj,2025-02-11,14.6,40.1,0.2
birgunj,2025-02-12,13.5,56.5,0.2
birgunj,2025-02-13,14.0,48.9,0.2
birgunj,2025-02-14,15.9,62.6,0.8
birgunj,2025-02-15,14.2,74.8,1.1
birgunj,2025-02-16,7.0,65.5,0.2
birgunj,2025-02-17,15.4,74.0,0.0
birgunj,2025-02-18,11.6,49.9,0.3
birgunj,2025-02-19,12.7,56.0,0.1
birgunj,2025-02-20,13.6,63.0,2.3
birgunj,2025-02-21,21.0,56.5,1.0
birgunj,2025-02-22,15.3,43.6,0.4
birgunj,2025-02-23,14.9,60.6,1.9
birgunj,2025-02-24,21.6,63.8,0.1
birgunj,2025-02-25,11.2,52.7,3.0
birgunj,2025-02-26,13.5,62.3,0.2
birgunj,2025-02-27,12.5,74.5,0.2
birgunj,2025-02-28,9.1,59.2,2.4
birgunj,2025-03-01,21.2,67.4,18.5
birgunj,2025-03-02,20.6,65.2,5.6
birgunj,2025-03-03,21.0,46.4,2.1
birgunj,2025-03-04,24.9,48.9,2.1
birgunj,2025-03-05,21.1,74.5,4.0
birgunj,2025-03-06,22.1,83.5,6.3
birgunj,2025-03-07,27.0,68.5,7.2
birgunj,2025-03-08,23.4,57.0,0.0
birgunj,2025-03-09,25.9,62.0,2.0
birgunj,2025-03-10,21.2,68.6,4.4
birgunj,2025-03-11,26.7,53.5,10.0
birgunj,2025-03-12,27.4,65.9,5.2
birgunj,2025-03-13,29.9,67.7,4.4
birgunj,2025-03-14,23.5,45.1,4.9
birgunj,2025-03-15,17.2,50.0,5.0
birgunj,2025-03-16,29.1,75.9,5.6
birgunj,2025-03-17,22.9,62.0,5.3
birgunj,2025-03-18,23.1,63.2,11.1
birgunj,2025-03-19,21.6,56.8,2.7
birgunj,2025-03-20,27.8,59.5,3.2
birgunj,2025-03-21,25.1,56.3,2.0
birgunj,2025-03-22,26.3,68.9,0.2
birgunj,2025-03-23,23.7,63.7,0.5
birgunj,2025-03-24,19.0,47.9,0.6
birgunj,2025-03-25,27.2,64.4,9.2
birgunj,2025-03-26,22.1,54.4,0.8
birgunj,2025-03-27,20.6,77.8,13.6
birgunj,2025-03-28,23.7,56.7,0.8
birgunj,2025-03-29,22.7,72.9,0.1
birgunj,2025-03-30,25.7,55.2,8.1
birgunj,2025-03-31,25.7,56.8,15.6
birgunj,2025-04-01,23.5,57.5,0.6
birgunj,2025-04-02,24.1,62.3,3.8
birgunj,2025-04-03,17.2,48.4,1.9
birgunj,2025-04-04,26.8,70.0,5.8
birgunj,2025-04-05,19.9,64.2,4.5
birgunj,2025-04-06,21.0,73.2,1.6
birgunj,2025-04-07,29.8,68.9,1.4
birgunj,2025-04-08,19.3,70.0,3.6
birgunj,2025-04-09,29.0,64.9,18.0
birgunj,2025-04-10,27.5,61.0,1.5
birgunj,2025-04-11,26.5,61.0,1.0
birgunj,2025-04-12,26.9,60.6,1.1
birgunj,2025-04-13,19.7,64.8,4.9
birgunj,2025-04-14,19.6,51.9,6.6
birgunj,2025-04-15,23.8,49.8,0.8
birgunj,2025-04-16,21.0,69.2,9.2
birgunj,2025-04-17,25.6,65.5,3.5
birgunj,2025-04-18,22.7,50.6,1.5
birgunj,2025-04-19,27.1,82.2,3.1
birgunj,2025-04-20,18.2,66.7,8.9
birgunj,2025-04-21,26.3,69.2,1.9
birgunj,2025-04-22,23.8,63.4,1.5
birgunj,2025-04-23,25.7,69.4,1.3
birgunj,2025-04-24,20.3,56.4,0.4
birgunj,2025-04-25,24.2,71.5,2.2
birgunj,2025-04-26,19.0,56.0,3.5
birgunj,2025-04-27,26.0,54.2,4.5
birgunj,2025-04-28,23.3,56.2,2.0
birgunj,2025-04-29,24.4,66.1,4.2
birgunj,2025-04-30,22.4,48.4,12.2
birgunj,2025-05-01,17.6,65.7,6.0
birgunj,2025-05-02,20.8,64.2,5.9
birgunj,2025-05-03,23.5,78.6,14.2
birgunj,2025-05-04,20.4,62.8,3.5
birgunj,2025-05-05,22.4,58.7,3.8
birgunj,2025-05-06,26.7,63.2,0.5
birgunj,2025-05-07,24.1,59.4,1.9
birgunj,2025-05-08,24.1,65.6,8.6
birgunj,2025-05-09,22.1,56.4,0.3
birgunj,2025-05-10,28.4,72.2,2.2
birgunj,2025-05-11,23.9,61.8,4.2
birgunj,2025-05-12,22.2,62.1,13.5
birgunj,2025-05-13,22.2,81.4,21.4
birgunj,2025-05-14,22.9,57.9,4.8
birgunj,2025-05-15,22.8,51.2,0.4
birgunj,2025-05-16,25.8,68.9,2.1
birgunj,2025-05-17,24.3,72.2,14.7
birgunj,2025-05-18,24.0,71.6,12.2
birgunj,2025-05-19,21.5,57.6,1.2
birgunj,2025-05-20,29.0,53.1,2.8
birgunj,2025-05-21,24.6,60.7,2.8
birgunj,2025-05-22,24.5,58.3,1.1
birgunj,2025-05-23,20.8,69.5,0.5
birgunj,2025-05-24,27.0,56.8,7.4
birgunj,2025-05-25,25.6,74.9,6.0
birgunj,2025-05-26,23.5,53.2,3.6
birgunj,2025-05-27,23.1,52.7,2.0
birgunj,2025-05-28,24.0,65.2,5.8
birgunj,2025-05-29,18.5,53.2,2.2
birgunj,2025-05-30,20.4,67.1,14.2
birgunj,2025-05-31,28.1,54.6,1.9
birgunj,2025-06-01,31.4,60.9,15.2
birgunj,2025-06-02,27.8,75.8,29.4
birgunj,2025-06-03,28.9,67.7,41.1
birgunj,2025-06-04,31.6,98.5,64.8
birgunj,2025-06-05,31.1,85.2,33.2
birgunj,2025-06-06,26.0,75.0,7.5
birgunj,2025-06-07,34.7,93.3,43.2
birgunj,2025-06-08,25.0,74.3,27.3
birgunj,2025-06-09,31.2,79.0,35.5
birgunj,2025-06-10,29.9,77.3,11.0
birgunj,2025-06-11,29.4,69.1,17.0
birgunj,2025-06-12,29.2,75.9,26.9
birgunj,2025-06-13,24.8,63.0,8.8
birgunj,2025-06-14,31.6,69.4,18.9
birgunj,2025-06-15,26.9,77.3,23.8
birgunj,2025-06-16,28.1,84.1,33.3
birgunj,2025-06-17,28.7,60.1,27.6
birgunj,2025-06-18,24.2,67.4,8.2
birgunj,2025-06-19,30.4,73.5,32.5
birgunj,2025-06-20,31.5,55.0,3.1
birgunj,2025-06-21,34.4,66.8,5.7
birgunj,2025-06-22,22.5,66.1,17.4
birgunj,2025-06-23,31.1,83.0,17.3
birgunj,2025-06-24,30.5,58.7,15.4
birgunj,2025-06-25,31.2,75.1,30.7
birgunj,2025-06-26,29.6,78.6,21.5
birgunj,2025-06-27,32.9,70.7,26.6
birgunj,2025-06-28,28.1,73.0,20.5
birgunj,2025-06-29,29.6,70.0,22.8
birgunj,2025-06-30,32.1,69.7,42.3
birgunj,2025-07-01,30.5,88.1,64.7
birgunj,2025-07-02,29.7,57.8,8.8
birgunj,2025-07-03,24.8,69.9,17.8
birgunj,2025-07-04,25.7,64.3,22.3
birgunj,2025-07-05,26.8,77.3,45.2
birgunj,2025-07-06,36.8,81.9,27.7
birgunj,2025-07-07,30.3,78.4,15.6
birgunj,2025-07-08,30.5,66.8,19.7
birgunj,2025-07-09,30.6,78.2,20.1
birgunj,2025-07-10,37.3,76.5,57.9
birgunj,2025-07-11,26.8,61.7,7.3
birgunj,2025-07-12,28.3,67.7,20.2
birgunj,2025-07-13,25.6,62.3,14.2
birgunj,2025-07-14,29.2,54.4,11.7
birgunj,2025-07-15,30.3,63.9,41.8
birgunj,2025-07-16,29.6,75.5,41.3
birgunj,2025-07-17,30.7,84.4,45.6
birgunj,2025-07-18,27.8,92.1,33.7
birgunj,2025-07-19,32.6,76.7,22.6
birgunj,2025-07-20,29.0,75.8,18.8
birgunj,2025-07-21,35.9,69.3,23.1
birgunj,2025-07-22,29.8,68.3,22.0
birgunj,2025-07-23,27.6,72.9,22.4
birgunj,2025-07-24,35.7,74.0,23.8
birgunj,2025-07-25,24.7,55.5,28.0
birgunj,2025-07-26,28.7,66.8,2.8
birgunj,2025-07-27,33.2,72.5,27.2
birgunj,2025-07-28,29.9,68.5,19.6
birgunj,2025-07-29,34.9,67.7,10.7
birgunj,2025-07-30,33.0,66.7,20.1
birgunj,2025-07-31,27.8,85.1,35.4
birgunj,2025-08-01,33.8,76.1,27.2
birgunj,2025-08-02,26.5,65.4,17.7
birgunj,2025-08-03,33.9,69.6,31.0
birgunj,2025-08-04,26.8,73.5,32.3
birgunj,2025-08-05,31.6,100.0,113.5
birgunj,2025-08-06,29.9,66.8,15.0
birgunj,2025-08-07,30.0,60.2,5.6
birgunj,2025-08-08,31.0,77.2,25.9
birgunj,2025-08-09,26.0,74.4,28.1
birgunj,2025-08-10,31.6,54.5,16.1
birgunj,2025-08-11,32.8,67.1,29.7
birgunj,2025-08-12,30.1,77.0,24.6
birgunj,2025-08-13,26.8,83.5,53.3
birgunj,2025-08-14,28.1,84.4,34.0
birgunj,2025-08-15,26.9,72.8,15.3
birgunj,2025-08-16,27.5,65.7,14.2
birgunj,2025-08-17,35.8,69.7,21.1
birgunj,2025-08-18,29.8,67.2,17.2
birgunj,2025-08-19,30.9,56.9,2.6
birgunj,2025-08-20,33.3,56.5,5.9
birgunj,2025-08-21,33.5,60.4,7.1
birgunj,2025-08-22,27.7,65.4,26.7
birgunj,2025-08-23,32.6,45.9,15.3
birgunj,2025-08-24,26.4,55.7,3.1
birgunj,2025-08-25,32.3,65.3,7.0
birgunj,2025-08-26,30.3,55.0,7.2
birgunj,2025-08-27,30.9,65.6,30.9
birgunj,2025-08-28,30.9,52.9,21.2
birgunj,2025-08-29,33.6,82.3,19.1
birgunj,2025-08-30,28.5,82.4,47.9
birgunj,2025-08-31,34.8,68.8,4.2
birgunj,2025-09-01,22.9,79.3,33.7
birgunj,2025-09-02,24.2,65.7,24.4
birgunj,2025-09-03,27.1,58.8,20.0
birgunj,2025-09-04,26.4,71.6,13.9
birgunj,2025-09-05,21.9,73.9,28.0
birgunj,2025-09-06,24.3,70.8,16.6
birgunj,2025-09-07,26.8,74.0,31.8
birgunj,2025-09-08,24.1,72.9,31.0
birgunj,2025-09-09,28.9,63.7,11.6
birgunj,2025-09-10,21.5,73.8,11.1
birgunj,2025-09-11,23.6,72.2,30.2
birgunj,2025-09-12,22.1,63.4,39.3
birgunj,2025-09-13,29.1,56.5,13.9
birgunj,2025-09-14,25.3,70.6,29.6
birgunj,2025-09-15,26.2,85.1,28.9
birgunj,2025-09-16,24.9,94.9,57.2
birgunj,2025-09-17,30.9,70.8,37.5
birgunj,2025-09-18,23.2,90.2,39.5
birgunj,2025-09-19,26.5,65.8,25.9
birgunj,2025-09-20,23.1,88.2,44.2
birgunj,2025-09-21,28.9,81.7,14.3
birgunj,2025-09-22,25.5,99.9,63.0
birgunj,2025-09-23,23.4,77.1,22.4
birgunj,2025-09-24,25.7,68.9,16.1
birgunj,2025-09-25,21.5,71.0,16.1
birgunj,2025-09-26,27.1,74.8,25.5
birgunj,2025-09-27,22.5,74.2,12.2
birgunj,2025-09-28,25.1,68.4,11.1
birgunj,2025-09-29,24.5,85.5,60.5
birgunj,2025-09-30,27.1,66.3,10.2
birgunj,2025-10-01,23.3,66.6,7.6
birgunj,2025-10-02,21.3,52.7,0.3
birgunj,2025-10-03,22.8,69.4,3.5
birgunj,2025-10-04,21.3,55.1,1.7
birgunj,2025-10-05,23.7,62.2,0.6
birgunj,2025-10-06,27.0,51.6,0.8
birgunj,2025-10-07,27.1,64.9,5.9
birgunj,2025-10-08,25.1,80.7,12.7
birgunj,2025-10-09,23.6,60.8,1.1
birgunj,2025-10-10,24.3,49.6,3.4
birgunj,2025-10-11,25.8,38.2,0.7
birgunj,2025-10-12,23.9,60.2,0.6
birgunj,2025-10-13,25.3,72.4,0.8
birgunj,2025-10-14,24.6,48.5,3.6
birgunj,2025-10-15,25.6,57.4,2.8
birgunj,2025-10-16,27.9,61.6,6.3
birgunj,2025-10-17,24.4,72.2,4.2
birgunj,2025-10-18,25.6,56.9,1.5
birgunj,2025-10-19,24.2,55.1,4.5
birgunj,2025-10-20,21.5,57.8,4.5
birgunj,2025-10-21,23.0,47.4,0.1
birgunj,2025-10-22,26.5,76.3,1.5
birgunj,2025-10-23,29.6,57.7,7.8
birgunj,2025-10-24,20.8,75.4,17.2
birgunj,2025-10-25,26.5,48.7,16.3
birgunj,2025-10-26,24.4,65.5,6.7
birgunj,2025-10-27,23.9,74.9,1.3
birgunj,2025-10-28,24.3,70.5,4.1
birgunj,2025-10-29,21.7,48.6,0.1
birgunj,2025-10-30,23.7,61.3,4.1
birgunj,2025-10-31,23.6,76.6,18.5
birgunj,2025-11-01,25.5,80.9,0.8
birgunj,2025-11-02,20.6,73.5,3.5
birgunj,2025-11-03,26.7,72.0,0.8
birgunj,2025-11-04,28.2,62.3,6.8
birgunj,2025-11-05,26.1,55.9,3.0
birgunj,2025-11-06,29.4,65.3,2.4
birgunj,2025-11-07,24.2,52.3,4.4
birgunj,2025-11-08,25.5,58.2,1.5
birgunj,2025-11-09,23.6,70.9,2.2
birgunj,2025-11-10,21.4,73.9,5.0
birgunj,2025-11-11,21.8,59.5,4.3
birgunj,2025-11-12,27.5,54.4,0.2
birgunj,2025-11-13,24.5,68.4,0.6
birgunj,2025-11-14,26.2,67.5,2.2
birgunj,2025-11-15,23.9,65.3,6.8
birgunj,2025-11-16,26.1,56.5,2.4
birgunj,2025-11-17,25.1,68.2,1.1
birgunj,2025-11-18,16.9,63.4,4.3
birgunj,2025-11-19,19.5,49.2,4.0
birgunj,2025-11-20,25.0,59.0,5.8
birgunj,2025-11-21,30.8,72.5,8.5
birgunj,2025-11-22,23.3,64.7,10.4
birgunj,2025-11-23,26.9,62.8,3.4
birgunj,2025-11-24,21.5,63.8,5.5
birgunj,2025-11-25,18.6,63.8,1.4
birgunj,2025-11-26,24.3,72.1,11.0
birgunj,2025-11-27,19.9,43.4,2.4
birgunj,2025-11-28,26.5,63.2,2.3
birgunj,2025-11-29,24.4,48.6,5.2
birgunj,2025-11-30,22.4,70.4,6.9
birgunj,2025-12-01,17.5,66.9,1.2
birgunj,2025-12-02,16.9,47.8,0.1
birgunj,2025-12-03,17.8,70.0,1.8
birgunj,2025-12-04,21.9,56.3,0.4
birgunj,2025-12-05,12.4,65.0,0.6
birgunj,2025-12-06,18.9,62.9,3.6
birgunj,2025-12-07,17.8,70.5,0.3
birgunj,2025-12-08,7.2,65.6,3.1
birgunj,2025-12-09,21.0,60.2,0.5
birgunj,2025-12-10,9.3,53.7,1.9
birgunj,2025-12-11,13.0,65.3,0.8
birgunj,2025-12-12,19.2,56.0,0.1
birgunj,2025-12-13,11.7,51.6,0.7
birgunj,2025-12-14,14.7,45.8,2.0
birgunj,2025-12-15,12.3,53.2,0.8
birgunj,2025-12-16,10.0,58.7,1.6
birgunj,2025-12-17,13.3,67.6,1.1
birgunj,2025-12-18,13.8,50.7,0.5
birgunj,2025-12-19,16.0,58.2,0.1
birgunj,2025-12-20,7.1,70.7,2.7
birgunj,2025-12-21,15.3,55.4,3.0
birgunj,2025-12-22,10.3,52.9,0.3
birgunj,2025-12-23,15.3,67.5,0.0
birgunj,2025-12-24,12.4,63.7,0.2
birgunj,2025-12-25,18.8,62.2,2.8
birgunj,2025-12-26,14.2,58.3,0.7
birgunj,2025-12-27,19.8,54.8,1.5
birgunj,2025-12-28,17.1,45.4,1.3
birgunj,2025-12-29,10.6,51.8,0.2
birgunj,2025-12-30,11.4,52.4,0.3
birgunj,2025-12-31,8.7,59.2,0.3
dhangadhi,2024-01-01,11.4,90.1,0.8
dhangadhi,2024-01-02,7.4,62.3,0.6
dhangadhi,2024-01-03,6.7,57.5,0.1
dhangadhi,2024-01-04,12.8,56.5,2.6
dhangadhi,2024-01-05,10.8,68.4,0.1
dhangadhi,2024-01-06,2.5,51.9,0.5
dhangadhi,2024-01-07,6.0,55.2,0.2
dhangadhi,2024-01-08,8.0,63.3,1.7
dhangadhi,2024-01-09,6.1,61.8,0.1
dhangadhi,2024-01-10,10.3,59.0,2.5
dhangadhi,2024-01-11,8.1,54.2,0.9
dhangadhi,2024-01-12,9.1,52.0,0.4
dhangadhi,2024-01-13,9.6,68.1,0.3
dhangadhi,2024-01-14,4.8,62.7,1.2
dhangadhi,2024-01-15,8.0,50.3,1.8
dhangadhi,2024-01-16,10.0,50.9,1.8
dhangadhi,2024-01-17,-1.4,63.5,0.8
dhangadhi,2024-01-18,10.8,55.1,0.3
dhangadhi,2024-01-19,12.7,61.0,0.2
dhangadhi,2024-01-20,7.2,50.5,2.2
dhangadhi,2024-01-21,-4.2,58.9,0.4
dhangadhi,2024-01-22,4.0,70.4,3.4
dhangadhi,2024-01-23,5.4,58.6,0.7
dhangadhi,2024-01-24,8.4,67.0,0.0
dhangadhi,2024-01-25,11.6,67.1,0.3
dhangadhi,2024-01-26,8.6,54.1,1.3
dhangadhi,2024-01-27,8.8,57.7,1.7
dhangadhi,2024-01-28,11.0,53.3,0.3
dhangadhi,2024-01-29,6.0,63.8,1.0
dhangadhi,2024-01-30,7.0,60.6,4.9
dhangadhi,2024-01-31,8.6,64.3,0.4
dhangadhi,2024-02-01,12.3,50.3,1.6
dhangadhi,2024-02-02,9.0,48.6,0.3
dhangadhi,2024-02-03,10.8,61.5,0.3
dhangadhi,2024-02-04,11.5,47.0,1.0
dhangadhi,2024-02-05,6.5,64.2,0.4
dhangadhi,2024-02-06,4.0,52.3,0.1
dhangadhi,2024-02-07,8.4,64.8,1.0
dhangadhi,2024-02-08,7.1,58.1,0.4
dhangadhi,2024-02-09,1.7,62.9,1.0
dhangadhi,2024-02-10,5.9,52.8,3.9
dhangadhi,2024-02-11,18.7,51.8,3.2
dhangadhi,2024-02-12,3.7,45.1,1.3
dhangadhi,2024-02-13,4.7,68.4,1.3
dhangadhi,2024-02-14,9.1,73.7,2.0
dhangadhi,2024-02-15,3.5,73.5,0.2
dhangadhi,2024-02-16,7.6,61.4,1.0
dhangadhi,2024-02-17,19.2,67.9,0.2
dhangadhi,2024-02-18,0.9,67.2,0.0
dhangadhi,2024-02-19,10.2,55.3,1.0
dhangadhi,2024-02-20,11.3,55.8,1.6
dhangadhi,2024-02-21,14.7,63.9,1.0
dhangadhi,2024-02-22,-1.8,60.0,0.6
dhangadhi,2024-02-23,12.7,54.6,0.8
dhangadhi,2024-02-24,6.1,68.7,0.8
dhangadhi,2024-02-25,7.1,43.6,2.1
dhangadhi,2024-02-26,4.0,58.8,1.5
dhangadhi,2024-02-27,13.0,51.2,0.7
dhangadhi,2024-02-28,6.4,58.9,0.6
dhangadhi,2024-02-29,7.6,52.2,0.5
dhangadhi,2024-03-01,22.3,69.0,11.6
dhangadhi,2024-03-02,14.8,70.5,3.0
dhangadhi,2024-03-03,20.4,70.6,4.3
dhangadhi,2024-03-04,12.1,61.7,0.6
dhangadhi,2024-03-05,14.8,53.2,3.2
dhangadhi,2024-03-06,19.5,61.8,3.2
dhangadhi,2024-03-07,12.5,48.6,2.8
dhangadhi,2024-03-08,24.9,68.2,1.9
dhangadhi,2024-03-09,13.5,66.1,8.2
dhangadhi,2024-03-10,17.4,43.2,2.6
dhangadhi,2024-03-11,18.4,59.1,8.7
dhangadhi,2024-03-12,15.2,59.1,3.8
dhangadhi,2024-03-13,19.4,37.7,2.1
dhangadhi,2024-03-14,16.3,63.5,8.3
dhangadhi,2024-03-15,23.3,49.5,2.5
dhangadhi,2024-03-16,20.7,69.4,3.8
dhangadhi,2024-03-17,11.1,67.7,6.9
dhangadhi,2024-03-18,16.0,58.1,2.9
dhangadhi,2024-03-19,19.2,64.0,14.1
dhangadhi,2024-03-20,23.2,65.4,11.4
dhangadhi,2024-03-21,22.1,72.9,12.1
dhangadhi,2024-03-22,17.1,69.2,3.8
dhangadhi,2024-03-23,25.5,64.4,3.4
dhangadhi,2024-03-24,16.3,67.7,1.7
dhangadhi,2024-03-25,14.3,57.2,19.9
dhangadhi,2024-03-26,15.7,59.3,6.2
dhangadhi,2024-03-27,17.8,61.7,0.8
dhangadhi,2024-03-28,16.9,66.3,13.1
dhangadhi,2024-03-29,16.1,58.8,5.8
dhangadhi,2024-03-30,17.6,61.0,13.6
dhangadhi,2024-03-31,20.8,80.3,6.9
dhangadhi,2024-04-01,16.5,69.7,1.5
dhangadhi,2024-04-02,24.7,58.2,1.6
dhangadhi,2024-04-03,13.9,76.2,4.7
dhangadhi,2024-04-04,20.1,59.7,6.1
dhangadhi,2024-04-05,18.9,63.5,2.5
dhangadhi,2024-04-06,21.3,64.4,6.3
dhangadhi,2024-04-07,14.8,55.7,6.3
dhangadhi,2024-04-08,20.4,50.3,2.9
dhangadhi,2024-04-09,15.4,56.4,3.0
dhangadhi,2024-04-10,16.3,68.6,6.6
dhangadhi,2024-04-11,20.2,75.1,1.7
dhangadhi,2024-04-12,17.3,44.1,5.0
dhangadhi,2024-04-13,13.9,62.9,5.1
dhangadhi,2024-04-14,18.0,44.5,2.5
dhangadhi,2024-04-15,15.1,70.5,0.0
dhangadhi,2024-04-16,18.7,60.4,2.0
dhangadhi,2024-04-17,15.8,60.2,4.6
dhangadhi,2024-04-18,22.9,62.3,5.8
dhangadhi,2024-04-19,17.7,57.9,5.8
dhangadhi,2024-04-20,17.8,55.2,17.7
dhangadhi,2024-04-21,16.9,59.5,1.9
dhangadhi,2024-04-22,16.3,59.1,4.8
dhangadhi,2024-04-23,18.9,41.7,13.2
dhangadhi,2024-04-24,21.9,59.6,1.6
dhangadhi,2024-04-25,15.7,62.0,2.0
dhangadhi,2024-04-26,13.5,64.8,4.0
dhangadhi,2024-04-27,22.3,77.6,8.0
dhangadhi,2024-04-28,22.6,80.4,18.1
dhangadhi,2024-04-29,15.3,57.3,2.0
dhangadhi,2024-04-30,22.5,63.7,4.4
dhangadhi,2024-05-01,20.7,58.3,2.4
dhangadhi,2024-05-02,18.6,60.2,0.3
dhangadhi,2024-05-03,13.0,58.3,0.7
dhangadhi,2024-05-04,14.5,72.4,18.5
dhangadhi,2024-05-05,13.3,59.6,10.2
dhangadhi,2024-05-06,22.5,49.3,5.8
dhangadhi,2024-05-07,16.5,73.3,1.9
dhangadhi,2024-05-08,15.4,54.3,3.0
dhangadhi,2024-05-09,20.9,59.9,3.0
dhangadhi,2024-05-10,13.7,65.0,3.8
dhangadhi,2024-05-11,18.7,60.4,8.9
dhangadhi,2024-05-12,19.7,68.3,3.3
dhangadhi,2024-05-13,21.6,61.3,2.2
dhangadhi,2024-05-14,12.4,58.7,0.1
dhangadhi,2024-05-15,18.9,67.0,8.3
dhangadhi,2024-05-16,21.3,70.0,0.7
dhangadhi,2024-05-17,14.6,61.9,5.3
dhangadhi,2024-05-18,14.5,49.4,3.8
dhangadhi,2024-05-19,16.3,64.6,0.8
dhangadhi,2024-05-20,18.5,49.9,0.8
dhangadhi,2024-05-21,16.3,66.9,1.7
dhangadhi,2024-05-22,13.7,60.1,7.8
dhangadhi,2024-05-23,16.4,59.5,4.6
dhangadhi,2024-05-24,14.2,68.7,0.0
dhangadhi,2024-05-25,24.3,66.9,10.1
dhangadhi,2024-05-26,18.7,60.4,0.6
dhangadhi,2024-05-27,15.3,51.7,3.7
dhangadhi,2024-05-28,23.1,72.0,7.9
dhangadhi,2024-05-29,15.8,59.3,0.7
dhangadhi,2024-05-30,12.5,66.5,8.0
dhangadhi,2024-05-31,25.2,65.9,1.5
dhangadhi,2024-06-01,28.5,68.4,35.3
dhangadhi,2024-06-02,24.0,50.2,13.1
dhangadhi,2024-06-03,21.0,71.0,20.5
dhangadhi,2024-06-04,25.5,66.9,9.7
dhangadhi,2024-06-05,25.3,70.8,43.8
dhangadhi,2024-06-06,24.7,92.7,45.3
dhangadhi,2024-06-07,28.1,83.7,33.5
dhangadhi,2024-06-08,25.8,83.3,45.1
dhangadhi,2024-06-09,21.8,94.0,40.7
dhangadhi,2024-06-10,20.6,58.0,23.1
dhangadhi,2024-06-11,26.2,73.3,26.2
dhangadhi,2024-06-12,21.6,64.5,40.9
dhangadhi,2024-06-13,26.4,77.2,29.9
dhangadhi,2024-06-14,27.0,89.5,27.8
dhangadhi,2024-06-15,25.3,72.8,43.0
dhangadhi,2024-06-16,28.3,70.8,15.2
dhangadhi,2024-06-17,18.4,60.0,11.3
dhangadhi,2024-06-18,22.8,67.6,10.3
dhangadhi,2024-06-19,19.2,65.8,31.3
dhangadhi,2024-06-20,19.6,80.4,29.7
dhangadhi,2024-06-21,27.4,96.3,63.4
dhangadhi,2024-06-22,25.7,59.4,19.8
dhangadhi,2024-06-23,23.6,66.7,25.0
dhangadhi,2024-06-24,24.7,73.5,26.5
dhangadhi,2024-06-25,27.4,72.0,27.9
dhangadhi,2024-06-26,22.7,73.9,28.3
dhangadhi,2024-06-27,24.7,65.5,18.5
dhangadhi,2024-06-28,27.4,71.2,18.5
dhangadhi,2024-06-29,23.5,66.2,8.9
dhangadhi,2024-06-30,25.7,67.9,12.3
dhangadhi,2024-07-01,29.2,75.8,27.0
dhangadhi,2024-07-02,25.1,91.7,52.2
dhangadhi,2024-07-03,28.0,78.4,32.0
dhangadhi,2024-07-04,22.9,61.9,7.9
dhangadhi,2024-07-05,25.2,75.1,36.3
dhangadhi,2024-07-06,24.9,74.5,34.0
dhangadhi,2024-07-07,25.8,69.0,33.8
dhangadhi,2024-07-08,24.8,78.2,18.1
dhangadhi,2024-07-09,25.9,62.7,17.5
dhangadhi,2024-07-10,28.8,71.1,34.7
dhangadhi,2024-07-11,25.0,76.2,8.6
dhangadhi,2024-07-12,23.6,76.2,43.7
dhangadhi,2024-07-13,18.3,62.4,19.5
dhangadhi,2024-07-14,23.1,78.1,26.2
dhangadhi,2024-07-15,25.9,58.3,11.3
dhangadhi,2024-07-16,20.5,75.8,17.9
dhangadhi,2024-07-17,23.4,88.2,22.9
dhangadhi,2024-07-18,23.6,66.3,29.6
dhangadhi,2024-07-19,24.3,61.6,16.9
dhangadhi,2024-07-20,21.6,70.9,16.5
dhangadhi,2024-07-21,24.9,79.6,33.6
dhangadhi,2024-07-22,25.0,80.8,38.5
dhangadhi,2024-07-23,24.2,68.4,19.0
dhangadhi,2024-07-24,17.2,67.2,7.7
dhangadhi,2024-07-25,23.1,48.8,5.8
dhangadhi,2024-07-26,21.9,67.0,16.7
dhangadhi,2024-07-27,21.7,66.2,33.6
dhangadhi,2024-07-28,22.3,63.3,39.0
dhangadhi,2024-07-29,24.2,70.9,20.0
dhangadhi,2024-07-30,21.4,87.6,69.8
dhangadhi,2024-07-31,21.1,100.0,120.5
dhangadhi,2024-08-01,23.5,62.7,6.5
dhangadhi,2024-08-02,22.3,82.5,32.9
dhangadhi,2024-08-03,24.8,69.1,15.7
dhangadhi,2024-08-04,27.2,61.2,2.1
dhangadhi,2024-08-05,26.0,85.4,24.5
dhangadhi,2024-08-06,24.3,55.0,3.4
dhangadhi,2024-08-07,26.3,76.6,29.6
dhangadhi,2024-08-08,22.0,67.8,28.1
dhangadhi,2024-08-09,19.0,64.0,15.3
dhangadhi,2024-08-10,24.6,82.5,32.3
dhangadhi,2024-08-11,22.3,67.9,29.5
dhangadhi,2024-08-12,25.5,83.9,59.5
dhangadhi,2024-08-13,27.7,66.9,9.2
dhangadhi,2024-08-14,24.3,76.2,25.2
dhangadhi,2024-08-15,23.4,74.8,10.8
dhangadhi,2024-08-16,26.3,81.2,33.8
dhangadhi,2024-08-17,17.1,74.7,6.7
dhangadhi,2024-08-18,16.6,71.2,19.3
dhangadhi,2024-08-19,19.5,57.4,8.9
dhangadhi,2024-08-20,20.9,54.6,15.9
dhangadhi,2024-08-21,29.2,92.0,39.8
dhangadhi,2024-08-22,27.3,49.6,7.8
dhangadhi,2024-08-23,26.0,69.6,18.5
dhangadhi,2024-08-24,24.0,48.1,11.2
dhangadhi,2024-08-25,23.9,82.1,44.5
dhangadhi,2024-08-26,21.4,68.0,10.9
dhangadhi,2024-08-27,25.9,92.6,38.7
dhangadhi,2024-08-28,23.9,68.5,21.0
dhangadhi,2024-08-29,26.0,79.2,22.5
dhangadhi,2024-08-30,22.1,59.5,16.9
dhangadhi,2024-08-31,31.3,80.4,34.6
dhangadhi,2024-09-01,21.4,66.1,22.5
dhangadhi,2024-09-02,16.9,70.8,42.3
dhangadhi,2024-09-03,19.6,78.7,16.9
dhangadhi,2024-09-04,17.4,75.1,20.5
dhangadhi,2024-09-05,17.9,68.7,14.3
dhangadhi,2024-09-06,18.9,79.7,49.7
dhangadhi,2024-09-07,21.1,80.4,21.9
dhangadhi,2024-09-08,21.9,72.4,18.2
dhangadhi,2024-09-09,16.6,84.8,40.8
dhangadhi,2024-09-10,16.7,100.0,117.1
dhangadhi,2024-09-11,19.9,73.6,40.2
dhangadhi,2024-09-12,20.8,80.3,45.2
dhangadhi,2024-09-13,15.2,67.1,7.3
dhangadhi,2024-09-14,23.5,70.2,23.2
dhangadhi,2024-09-15,16.6,75.7,27.8
dhangadhi,2024-09-16,17.8,63.3,3.3
dhangadhi,2024-09-17,19.0,87.3,58.7
dhangadhi,2024-09-18,13.4,77.4,24.0
dhangadhi,2024-09-19,19.2,92.2,22.4
dhangadhi,2024-09-20,21.7,63.9,15.4
dhangadhi,2024-09-21,20.0,51.1,14.1
dhangadhi,2024-09-22,15.7,68.6,33.6
dhangadhi,2024-09-23,16.2,81.4,13.8
dhangadhi,2024-09-24,20.3,74.6,16.2
dhangadhi,2024-09-25,19.5,63.9,15.7
dhangadhi,2024-09-26,19.2,64.9,8.1
dhangadhi,2024-09-27,13.2,55.8,23.6
dhangadhi,2024-09-28,23.0,53.4,11.1
dhangadhi,2024-09-29,15.8,81.2,37.2
dhangadhi,2024-09-30,21.5,67.1,17.6
dhangadhi,2024-10-01,15.5,64.4,7.2
dhangadhi,2024-10-02,19.6,61.9,4.3
dhangadhi,2024-10-03,16.3,63.6,2.3
dhangadhi,2024-10-04,11.3,62.7,0.8
dhangadhi,2024-10-05,21.9,67.6,1.8
dhangadhi,2024-10-06,15.0,66.9,1.0
dhangadhi,2024-10-07,23.4,44.7,2.4
dhangadhi,2024-10-08,16.4,60.7,0.5
dhangadhi,2024-10-09,14.7,82.7,4.7
dhangadhi,2024-10-10,18.3,63.5,2.1
dhangadhi,2024-10-11,15.4,62.2,0.9
dhangadhi,2024-10-12,18.6,63.6,6.7
dhangadhi,2024-10-13,14.8,60.2,0.1
dhangadhi,2024-10-14,15.9,50.9,2.5
dhangadhi,2024-10-15,24.3,63.8,5.3
dhangadhi,2024-10-16,20.4,76.9,1.1
dhangadhi,2024-10-17,14.0,54.7,5.0
dhangadhi,2024-10-18,18.7,63.3,5.8
dhangadhi,2024-10-19,15.0,54.9,5.3
dhangadhi,2024-10-20,14.4,59.7,5.1
dhangadhi,2024-10-21,18.4,62.9,3.1
dhangadhi,2024-10-22,16.8,76.1,0.5
dhangadhi,2024-10-23,19.3,60.1,5.2
dhangadhi,2024-10-24,18.9,61.9,2.3
dhangadhi,2024-10-25,17.0,64.4,1.5
dhangadhi,2024-10-26,18.3,75.1,2.1
dhangadhi,2024-10-27,17.8,58.8,0.8
dhangadhi,2024-10-28,20.3,76.1,15.7
dhangadhi,2024-10-29,20.5,60.0,14.9
dhangadhi,2024-10-30,14.9,56.6,7.6
dhangadhi,2024-10-31,18.6,63.2,9.7
dhangadhi,2024-11-01,16.5,63.6,1.7
dhangadhi,2024-11-02,18.5,67.2,7.2
dhangadhi,2024-11-03,22.5,67.4,1.1
dhangadhi,2024-11-04,15.5,60.6,5.6
dhangadhi,2024-11-05,16.2,57.8,6.9
dhangadhi,2024-11-06,13.2,50.0,0.4
dhangadhi,2024-11-07,22.1,65.6,1.0
dhangadhi,2024-11-08,17.5,64.2,4.2
dhangadhi,2024-11-09,21.8,63.5,4.7
dhangadhi,2024-11-10,23.1,63.4,8.8
dhangadhi,2024-11-11,20.4,53.8,9.7
dhangadhi,2024-11-12,25.2,39.8,0.7
dhangadhi,2024-11-13,21.0,70.2,5.7
dhangadhi,2024-11-14,22.2,58.8,7.3
dhangadhi,2024-11-15,19.5,72.6,3.5
dhangadhi,2024-11-16,14.9,62.3,9.8
dhangadhi,2024-11-17,17.7,80.0,6.4
dhangadhi,2024-11-18,13.8,67.0,2.0
dhangadhi,2024-11-19,18.6,70.1,1.3
dhangadhi,2024-11-20,14.2,85.2,3.4
dhangadhi,2024-11-21,15.6,60.2,4.2
dhangadhi,2024-11-22,12.9,55.9,5.3
dhangadhi,2024-11-23,21.3,74.1,6.1
dhangadhi,2024-11-24,16.3,69.0,10.4
dhangadhi,2024-11-25,18.5,63.7,2.3
dhangadhi,2024-11-26,20.6,53.2,4.3
dhangadhi,2024-11-27,16.5,63.3,0.2
dhangadhi,2024-11-28,18.4,72.0,10.1
dhangadhi,2024-11-29,16.5,73.6,11.7
dhangadhi,2024-11-30,20.4,54.9,2.7
dhangadhi,2024-12-01,8.5,67.2,0.3
dhangadhi,2024-12-02,11.6,63.0,1.3
dhangadhi,2024-12-03,9.3,54.5,0.1
dhangadhi,2024-12-04,5.5,64.5,0.8
dhangadhi,2024-12-05,11.1,49.3,0.1
dhangadhi,2024-12-06,8.8,55.8,0.7
dhangadhi,2024-12-07,0.9,54.3,1.0
dhangadhi,2024-12-08,8.1,72.7,0.8
dhangadhi,2024-12-09,6.3,62.9,0.2
dhangadhi,2024-12-10,12.7,71.1,0.1
dhangadhi,2024-12-11,11.3,61.9,1.0
dhangadhi,2024-12-12,8.5,51.4,0.2
dhangadhi,2024-12-13,0.0,58.3,0.3
dhangadhi,2024-12-14,8.1,61.5,1.2
dhangadhi,2024-12-15,11.1,68.6,0.7
dhangadhi,2024-12-16,10.5,70.2,0.2
dhangadhi,2024-12-17,6.9,60.3,0.4
dhangadhi,2024-12-18,10.5,54.1,1.2
dhangadhi,2024-12-19,12.2,55.2,1.2
dhangadhi,2024-12-20,12.9,50.7,0.5
dhangadhi,2024-12-21,3.8,62.9,3.9
dhangadhi,2024-12-22,9.1,53.2,0.9
dhangadhi,2024-12-23,3.7,65.7,0.2
dhangadhi,2024-12-24,8.2,58.1,4.0
dhangadhi,2024-12-25,10.6,66.2,3.3
dhangadhi,2024-12-26,6.8,69.2,0.6
dhangadhi,2024-12-27,8.3,48.9,0.1
dhangadhi,2024-12-28,0.3,59.6,0.1
dhangadhi,2024-12-29,14.5,64.6,0.4
dhangadhi,2024-12-30,5.9,66.4,0.6
dhangadhi,2024-12-31,6.8,72.8,3.8
dhangadhi,2025-01-01,6.9,76.3,0.4
dhangadhi,2025-01-02,5.5,71.4,1.2
dhangadhi,2025-01-03,16.0,74.1,1.2
dhangadhi,2025-01-04,7.5,51.8,0.2
dhangadhi,2025-01-05,13.7,62.9,0.6
dhangadhi,2025-01-06,5.1,64.1,1.1
dhangadhi,2025-01-07,4.0,56.7,0.4
dhangadhi,2025-01-08,8.4,73.1,0.4
dhangadhi,2025-01-09,14.6,53.0,1.4
dhangadhi,2025-01-10,9.7,37.8,0.2
dhangadhi,2025-01-11,15.2,76.2,0.2
dhangadhi,2025-01-12,7.9,74.0,3.2
dhangadhi,2025-01-13,11.7,61.8,0.8
dhangadhi,2025-01-14,8.9,55.1,0.9
dhangadhi,2025-01-15,0.3,48.8,0.7
dhangadhi,2025-01-16,10.5,60.0,4.2
dhangadhi,2025-01-17,8.9,48.2,1.6
dhangadhi,2025-01-18,13.5,57.0,1.4
dhangadhi,2025-01-19,3.6,47.5,0.0
dhangadhi,2025-01-20,8.4,57.8,4.4
dhangadhi,2025-01-21,6.5,55.4,0.3
dhangadhi,2025-01-22,5.6,68.0,0.0
dhangadhi,2025-01-23,13.6,71.2,0.3
dhangadhi,2025-01-24,12.3,57.6,0.1
dhangadhi,2025-01-25,15.2,51.3,0.4
dhangadhi,2025-01-26,10.1,67.1,0.3
dhangadhi,2025-01-27,7.2,52.2,1.1
dhangadhi,2025-01-28,9.7,55.2,1.1
dhangadhi,2025-01-29,4.9,60.1,0.3
dhangadhi,2025-01-30,12.1,82.6,0.1
dhangadhi,2025-01-31,9.0,66.7,0.5
dhangadhi,2025-02-01,1.9,55.2,1.0
dhangadhi,2025-02-02,11.9,57.6,0.5
dhangadhi,2025-02-03,11.1,63.8,1.3
dhangadhi,2025-02-04,10.8,62.5,0.0
dhangadhi,2025-02-05,5.7,68.7,2.7
dhangadhi,2025-02-06,4.8,53.8,2.0
dhangadhi,2025-02-07,8.1,69.7,0.8
dhangadhi,2025-02-08,8.8,47.6,1.0
dhangadhi,2025-02-09,-0.7,47.9,0.6
dhangadhi,2025-02-10,2.9,55.9,0.4
dhangadhi,2025-02-11,6.3,66.9,1.4
dhangadhi,2025-02-12,6.0,68.1,0.8
dhangadhi,2025-02-13,11.3,70.0,0.8
dhangadhi,2025-02-14,6.7,50.9,0.8
dhangadhi,2025-02-15,4.8,59.8,0.5
dhangadhi,2025-02-16,5.9,62.6,1.2
dhangadhi,2025-02-17,11.7,62.2,1.0
dhangadhi,2025-02-18,7.6,56.4,0.2
dhangadhi,2025-02-19,13.5,76.0,0.4
dhangadhi,2025-02-20,6.0,76.7,0.1
dhangadhi,2025-02-21,13.5,58.8,0.2
dhangadhi,2025-02-22,-0.6,55.6,0.3
dhangadhi,2025-02-23,7.5,63.9,1.9
dhangadhi,2025-02-24,7.5,62.2,2.8
dhangadhi,2025-02-25,7.1,46.8,0.5
dhangadhi,2025-02-26,2.6,66.5,0.2
dhangadhi,2025-02-27,12.5,60.4,0.0
dhangadhi,2025-02-28,6.1,65.3,0.1
dhangadhi,2025-03-01,15.8,63.9,5.7
dhangadhi,2025-03-02,17.9,77.0,16.3
dhangadhi,2025-03-03,19.6,66.5,2.0
dhangadhi,2025-03-04,16.7,71.3,5.3
dhangadhi,2025-03-05,16.6,59.3,2.3
dhangadhi,2025-03-06,20.0,51.9,0.1
dhangadhi,2025-03-07,17.6,60.2,5.2
dhangadhi,2025-03-08,20.9,60.2,0.5
dhangadhi,2025-03-09,22.0,65.8,8.2
dhangadhi,2025-03-10,19.3,56.8,0.2
dhangadhi,2025-03-11,19.6,65.1,2.5
dhangadhi,2025-03-12,26.5,53.9,8.3
dhangadhi,2025-03-13,15.7,49.2,1.2
dhangadhi,2025-03-14,18.7,75.4,4.4
dhangadhi,2025-03-15,18.1,67.9,0.4
dhangadhi,2025-03-16,26.3,53.0,0.0
dhangadhi,2025-03-17,17.0,71.5,10.8
dhangadhi,2025-03-18,18.1,60.8,11.5
dhangadhi,2025-03-19,20.8,82.2,3.2
dhangadhi,2025-03-20,15.1,58.7,12.4
dhangadhi,2025-03-21,21.7,57.1,0.3
dhangadhi,2025-03-22,23.5,60.9,0.6
dhangadhi,2025-03-23,18.9,80.7,1.3
dhangadhi,2025-03-24,16.5,66.7,2.4
dhangadhi,2025-03-25,19.0,58.3,2.9
dhangadhi,2025-03-26,16.2,68.1,11.9
dhangadhi,2025-03-27,18.5,85.3,11.4
dhangadhi,2025-03-28,22.7,56.9,1.1
dhangadhi,2025-03-29,21.7,62.8,0.4
dhangadhi,2025-03-30,20.1,69.8,6.3
dhangadhi,2025-03-31,16.4,66.8,1.6
dhangadhi,2025-04-01,20.8,74.5,3.1
dhangadhi,2025-04-02,20.9,58.4,3.0
dhangadhi,2025-04-03,18.7,53.1,6.6
dhangadhi,2025-04-04,15.4,52.2,0.9
dhangadhi,2025-04-05,17.9,63.7,2.7
dhangadhi,2025-04-06,17.0,52.5,2.3
dhangadhi,2025-04-07,19.1,78.7,4.1
dhangadhi,2025-04-08,17.3,55.9,2.3
dhangadhi,2025-04-09,20.0,64.9,3.0
dhangadhi,2025-04-10,17.3,60.6,1.9
dhangadhi,2025-04-11,15.6,63.8,4.5
dhangadhi,2025-04-12,13.8,53.0,5.8
dhangadhi,2025-04-13,16.8,63.3,4.7
dhangadhi,2025-04-14,20.6,59.8,2.6
dhangadhi,2025-04-15,15.5,68.8,2.3
dhangadhi,2025-04-16,17.1,64.1,16.4
dhangadhi,2025-04-17,14.8,52.7,0.7
dhangadhi,2025-04-18,18.0,50.6,5.1
dhangadhi,2025-04-19,18.5,69.2,12.3
dhangadhi,2025-04-20,18.2,68.0,11.3
dhangadhi,2025-04-21,19.6,61.1,0.4
dhangadhi,2025-04-22,15.9,42.7,1.7
dhangadhi,2025-04-23,19.3,67.3,22.0
dhangadhi,2025-04-24,22.1,63.6,3.7
dhangadhi,2025-04-25,14.9,64.8,3.7
dhangadhi,2025-04-26,25.9,73.3,12.4
dhangadhi,2025-04-27,17.6,65.9,10.2
dhangadhi,2025-04-28,22.0,63.7,6.1
dhangadhi,2025-04-29,16.6,74.9,10.2
dhangadhi,2025-04-30,23.7,80.1,21.1
dhangadhi,2025-05-01,17.1,61.5,2.0
dhangadhi,2025-05-02,22.7,77.5,19.4
dhangadhi,2025-05-03,14.3,62.2,23.2
dhangadhi,2025-05-04,17.5,69.3,10.8
dhangadhi,2025-05-05,18.9,67.7,9.7
dhangadhi,2025-05-06,17.2,52.7,0.4
dhangadhi,2025-05-07,19.5,73.3,1.2
dhangadhi,2025-05-08,14.8,77.4,11.4
dhangadhi,2025-05-09,16.4,61.4,1.7
dhangadhi,2025-05-10,13.1,50.0,17.3
dhangadhi,2025-05-11,19.4,66.2,3.0
dhangadhi,2025-05-12,15.8,49.9,1.4
dhangadhi,2025-05-13,19.6,56.9,4.0
dhangadhi,2025-05-14,15.7,74.3,3.9
dhangadhi,2025-05-15,15.8,49.4,1.7
dhangadhi,2025-05-16,15.9,55.1,0.2
dhangadhi,2025-05-17,20.1,62.7,4.2
dhangadhi,2025-05-18,17.1,57.0,3.2
dhangadhi,2025-05-19,16.9,60.2,2.7
dhangadhi,2025-05-20,19.5,52.5,1.3
dhangadhi,2025-05-21,14.6,54.2,1.5
dhangadhi,2025-05-22,19.9,67.0,7.7
dhangadhi,2025-05-23,15.3,55.3,0.2
dhangadhi,2025-05-24,19.4,61.5,16.0
dhangadhi,2025-05-25,16.8,58.6,0.4
dhangadhi,2025-05-26,17.5,78.6,1.3
dhangadhi,2025-05-27,21.8,54.3,6.5
dhangadhi,2025-05-28,19.4,57.0,5.3
dhangadhi,2025-05-29,14.5,50.0,1.6
dhangadhi,2025-05-30,21.3,52.0,10.2
dhangadhi,2025-05-31,19.8,64.3,2.2
dhangadhi,2025-06-01,24.4,73.9,45.5
dhangadhi,2025-06-02,22.4,82.6,20.9
dhangadhi,2025-06-03,24.8,87.0,19.8
dhangadhi,2025-06-04,23.3,67.9,8.7
dhangadhi,2025-06-05,26.9,79.7,53.9
dhangadhi,2025-06-06,23.5,58.3,17.4
dhangadhi,2025-06-07,27.7,69.7,18.6
dhangadhi,2025-06-08,18.6,79.2,23.5
dhangadhi,2025-06-09,24.7,72.3,28.4
dhangadhi,2025-06-10,24.6,64.8,23.8
dhangadhi,2025-06-11,18.7,76.8,24.2
dhangadhi,2025-06-12,18.0,65.7,22.5
dhangadhi,2025-06-13,24.9,63.1,16.4
dhangadhi,2025-06-14,24.2,66.9,15.0
dhangadhi,2025-06-15,26.8,70.7,19.6
dhangadhi,2025-06-16,26.1,71.0,27.7
dhangadhi,2025-06-17,23.9,57.2,11.5
dhangadhi,2025-06-18,24.6,88.8,19.1
dhangadhi,2025-06-19,24.4,73.6,13.1
dhangadhi,2025-06-20,24.8,64.9,20.3
dhangadhi,2025-06-21,22.9,98.7,66.6
dhangadhi,2025-06-22,19.7,95.0,54.0
dhangadhi,2025-06-23,24.3,66.5,8.3
dhangadhi,2025-06-24,25.6,83.3,15.9
dhangadhi,2025-06-25,24.6,53.8,24.1
dhangadhi,2025-06-26,20.2,75.3,21.8
dhangadhi,2025-06-27,23.5,76.6,26.5
dhangadhi,2025-06-28,22.3,86.0,43.5
dhangadhi,2025-06-29,25.6,86.5,38.3
dhangadhi,2025-06-30,24.6,71.7,13.1
dhangadhi,2025-07-01,20.8,57.9,11.2
dhangadhi,2025-07-02,26.5,79.1,41.0
dhangadhi,2025-07-03,24.8,85.4,47.7
dhangadhi,2025-07-04,21.9,74.6,17.1
dhangadhi,2025-07-05,24.9,78.4,25.8
dhangadhi,2025-07-06,23.2,78.8,24.6
dhangadhi,2025-07-07,19.0,83.4,45.3
dhangadhi,2025-07-08,25.5,71.9,17.4
dhangadhi,2025-07-09,23.5,75.5,35.3
dhangadhi,2025-07-10,24.2,65.7,11.1
dhangadhi,2025-07-11,20.5,66.7,1.8
dhangadhi,2025-07-12,26.3,53.6,13.7
dhangadhi,2025-07-13,25.4,81.5,16.8
dhangadhi,2025-07-14,26.2,67.7,25.7
dhangadhi,2025-07-15,17.2,75.7,18.0
dhangadhi,2025-07-16,23.4,76.3,38.3
dhangadhi,2025-07-17,26.3,82.9,22.7
dhangadhi,2025-07-18,27.7,74.7,36.0
dhangadhi,2025-07-19,23.1,97.6,72.2
dhangadhi,2025-07-20,21.3,81.4,27.6
dhangadhi,2025-07-21,24.4,53.9,6.4
dhangadhi,2025-07-22,24.6,91.5,73.6
dhangadhi,2025-07-23,25.8,66.7,21.0
dhangadhi,2025-07-24,23.5,82.4,35.2
dhangadhi,2025-07-25,28.9,71.8,31.2
dhangadhi,2025-07-26,25.7,71.8,13.5
dhangadhi,2025-07-27,25.8,84.6,12.9
dhangadhi,2025-07-28,20.5,64.4,19.5
dhangadhi,2025-07-29,23.2,57.6,13.3
dhangadhi,2025-07-30,29.4,79.3,18.6
dhangadhi,2025-07-31,21.3,70.2,17.0
dhangadhi,2025-08-01,19.4,69.8,26.7
dhangadhi,2025-08-02,21.6,73.7,20.8
dhangadhi,2025-08-03,23.4,99.4,69.3
dhangadhi,2025-08-04,24.1,88.9,45.9
dhangadhi,2025-08-05,26.3,61.6,10.9
dhangadhi,2025-08-06,25.7,87.1,33.7
dhangadhi,2025-08-07,26.2,75.9,26.6
dhangadhi,2025-08-08,18.6,77.6,24.9
dhangadhi,2025-08-09,20.1,66.3,10.8
dhangadhi,2025-08-10,25.1,59.2,7.9
dhangadhi,2025-08-11,28.0,100.0,107.3
dhangadhi,2025-08-12,21.8,74.7,21.3
dhangadhi,2025-08-13,27.4,65.5,18.1
dhangadhi,2025-08-14,25.3,74.1,1.0
dhangadhi,2025-08-15,26.0,58.6,9.0
dhangadhi,2025-08-16,23.7,76.0,18.5
dhangadhi,2025-08-17,20.6,71.9,19.1
dhangadhi,2025-08-18,20.3,73.6,17.7
dhangadhi,2025-08-19,23.7,64.9,5.0
dhangadhi,2025-08-20,22.0,79.4,4.9
dhangadhi,2025-08-21,24.5,71.4,11.7
dhangadhi,2025-08-22,25.2,71.1,21.7
dhangadhi,2025-08-23,23.3,63.4,15.4
dhangadhi,2025-08-24,24.6,73.2,15.9
dhangadhi,2025-08-25,26.1,63.7,13.9
dhangadhi,2025-08-26,22.3,74.3,19.9
dhangadhi,2025-08-27,21.5,74.5,7.4
dhangadhi,2025-08-28,29.2,54.8,7.5
dhangadhi,2025-08-29,23.4,68.3,3.3
dhangadhi,2025-08-30,26.2,75.8,23.7
dhangadhi,2025-08-31,26.9,78.2,21.6
dhangadhi,2025-09-01,19.0,72.1,24.9
dhangadhi,2025-09-02,21.3,63.6,12.2
dhangadhi,2025-09-03,13.3,66.9,10.6
dhangadhi,2025-09-04,12.5,77.9,38.8
dhangadhi,2025-09-05,11.8,71.7,30.5
dhangadhi,2025-09-06,19.2,60.1,24.7
dhangadhi,2025-09-07,22.0,62.9,12.5
dhangadhi,2025-09-08,21.4,79.4,19.5
dhangadhi,2025-09-09,18.2,56.5,4.6
dhangadhi,2025-09-10,13.1,69.3,51.2
dhangadhi,2025-09-11,15.1,100.0,101.4
dhangadhi,2025-09-12,16.2,52.8,2.5
dhangadhi,2025-09-13,17.9,76.6,14.7
dhangadhi,2025-09-14,15.5,86.3,38.4
dhangadhi,2025-09-15,20.5,83.3,28.4
dhangadhi,2025-09-16,18.8,62.6,19.6
dhangadhi,2025-09-17,17.5,83.7,11.4
dhangadhi,2025-09-18,18.7,65.2,12.5
dhangadhi,2025-09-19,12.4,75.2,21.7
dhangadhi,2025-09-20,23.2,61.9,13.6
dhangadhi,2025-09-21,17.4,71.8,18.7
dhangadhi,2025-09-22,17.2,73.1,46.1
dhangadhi,2025-09-23,21.1,64.3,16.0
dhangadhi,2025-09-24,13.7,91.3,17.7
dhangadhi,2025-09-25,18.3,77.5,13.7
dhangadhi,2025-09-26,15.9,61.5,13.7
dhangadhi,2025-09-27,16.6,53.5,36.4
dhangadhi,2025-09-28,19.7,68.0,18.6
dhangadhi,2025-09-29,17.5,66.6,14.3
dhangadhi,2025-09-30,20.6,61.5,13.0
dhangadhi,2025-10-01,16.1,53.6,0.4
dhangadhi,2025-10-02,15.8,65.0,2.7
dhangadhi,2025-10-03,20.8,65.4,2.0
dhangadhi,2025-10-04,22.5,58.8,1.1
dhangadhi,2025-10-05,19.4,66.9,2.7
dhangadhi,2025-10-06,17.5,71.4,1.0
dhangadhi,2025-10-07,21.7,62.4,17.5
dhangadhi,2025-10-08,21.7,53.5,11.7
dhangadhi,2025-10-09,19.9,49.2,0.8
dhangadhi,2025-10-10,22.9,65.2,3.3
dhangadhi,2025-10-11,21.5,67.0,2.7
dhangadhi,2025-10-12,17.1,76.5,9.3
dhangadhi,2025-10-13,17.3,57.4,2.2
dhangadhi,2025-10-14,19.5,68.6,7.8
dhangadhi,2025-10-15,18.5,61.1,1.9
dhangadhi,2025-10-16,20.1,39.7,1.2
dhangadhi,2025-10-17,20.0,67.9,12.3
dhangadhi,2025-10-18,14.7,60.6,12.7
dhangadhi,2025-10-19,15.8,65.3,1.2
dhangadhi,2025-10-20,20.1,51.9,0.7
dhangadhi,2025-10-21,19.9,51.2,1.7
dhangadhi,2025-10-22,18.4,58.8,4.2
dhangadhi,2025-10-23,15.5,55.8,4.0
dhangadhi,2025-10-24,21.1,66.2,4.4
dhangadhi,2025-10-25,19.0,76.5,3.3
dhangadhi,2025-10-26,21.0,50.6,4.8
dhangadhi,2025-10-27,22.4,70.6,0.9
dhangadhi,2025-10-28,23.1,67.8,10.1
dhangadhi,2025-10-29,14.8,60.6,15.5
dhangadhi,2025-10-30,12.8,55.7,1.7
dhangadhi,2025-10-31,15.4,68.6,3.4
dhangadhi,2025-11-01,14.0,62.7,0.2
dhangadhi,2025-11-02,21.6,75.6,13.2
dhangadhi,2025-11-03,14.6,54.6,0.6
dhangadhi,2025-11-04,19.9,70.1,6.7
dhangadhi,2025-11-05,20.1,62.2,0.3
dhangadhi,2025-11-06,16.7,56.5,5.2
dhangadhi,2025-11-07,16.7,64.1,10.2
dhangadhi,2025-11-08,17.0,39.2,0.9
dhangadhi,2025-11-09,20.7,63.3,6.9
dhangadhi,2025-11-10,20.8,55.7,1.8
dhangadhi,2025-11-11,19.4,51.2,3.3
dhangadhi,2025-11-12,15.2,69.3,8.2
dhangadhi,2025-11-13,26.1,59.9,8.0
dhangadhi,2025-11-14,14.1,54.3,6.8
dhangadhi,2025-11-15,14.8,59.6,1.6
dhangadhi,2025-11-16,15.2,71.2,2.2
dhangadhi,2025-11-17,17.7,73.7,22.3
dhangadhi,2025-11-18,20.2,49.9,1.8
dhangadhi,2025-11-19,22.8,55.4,0.7
dhangadhi,2025-11-20,15.4,58.7,5.8
dhangadhi,2025-11-21,17.6,42.7,5.1
dhangadhi,2025-11-22,18.9,51.0,3.8
dhangadhi,2025-11-23,18.0,70.6,5.1
dhangadhi,2025-11-24,10.3,59.1,6.3
dhangadhi,2025-11-25,14.8,66.2,8.5
dhangadhi,2025-11-26,17.7,71.2,8.5
dhangadhi,2025-11-27,12.4,54.8,3.8
dhangadhi,2025-11-28,16.9,72.8,5.4
dhangadhi,2025-11-29,18.9,60.7,6.0
dhangadhi,2025-11-30,20.8,71.7,12.8
dhangadhi,2025-12-01,3.9,59.3,0.7
dhangadhi,2025-12-02,4.8,72.0,0.7
dhangadhi,2025-12-03,10.0,56.9,0.2
dhangadhi,2025-12-04,6.3,60.9,2.5
dhangadhi,2025-12-05,12.4,69.8,3.1
dhangadhi,2025-12-06,6.1,78.2,1.0
dhangadhi,2025-12-07,17.1,77.3,0.1
dhangadhi,2025-12-08,4.2,61.3,0.1
dhangadhi,2025-12-09,10.5,61.4,0.5
dhangadhi,2025-12-10,11.9,56.5,2.0
dhangadhi,2025-12-11,10.1,57.2,1.2
dhangadhi,2025-12-12,6.3,54.8,0.4
dhangadhi,2025-12-13,2.3,51.3,2.1
dhangadhi,2025-12-14,3.2,58.0,1.2
dhangadhi,2025-12-15,10.5,60.2,1.1
dhangadhi,2025-12-16,8.8,54.4,0.1
dhangadhi,2025-12-17,10.1,69.1,1.8
dhangadhi,2025-12-18,-0.1,64.0,0.0
dhangadhi,2025-12-19,5.2,54.5,0.7
dhangadhi,2025-12-20,6.5,55.9,0.1
dhangadhi,2025-12-21,14.3,45.2,1.2
dhangadhi,2025-12-22,3.8,63.4,2.9
dhangadhi,2025-12-23,9.4,61.2,2.0
dhangadhi,2025-12-24,7.6,71.0,1.2
dhangadhi,2025-12-25,6.0,61.5,0.0
dhangadhi,2025-12-26,13.5,51.7,0.5
dhangadhi,2025-12-27,16.2,71.6,0.4
dhangadhi,2025-12-28,9.5,62.2,1.1
dhangadhi,2025-12-29,0.7,64.7,3.6
dhangadhi,2025-12-30,14.9,65.3,0.3
dhangadhi,2025-12-31,12.1,56.2,0.7
butwal,2024-01-01,13.1,76.4,0.3
butwal,2024-01-02,21.3,59.2,0.5
butwal,2024-01-03,13.3,61.4,0.0
butwal,2024-01-04,9.1,61.4,0.1
butwal,2024-01-05,13.6,54.7,1.3
butwal,2024-01-06,4.3,56.6,0.3
butwal,2024-01-07,9.8,74.7,2.1
butwal,2024-01-08,7.0,55.3,0.4
butwal,2024-01-09,11.1,53.6,0.1
butwal,2024-01-10,17.0,71.7,1.3
butwal,2024-01-11,14.3,54.1,0.9
butwal,2024-01-12,20.8,53.8,1.7
butwal,2024-01-13,10.9,59.6,1.1
butwal,2024-01-14,12.9,53.8,4.4
butwal,2024-01-15,7.1,41.6,0.0
butwal,2024-01-16,19.4,66.5,0.1
butwal,2024-01-17,11.0,54.0,0.9
butwal,2024-01-18,19.9,48.6,0.9
butwal,2024-01-19,9.1,57.1,2.6
butwal,2024-01-20,16.5,52.4,1.3
butwal,2024-01-21,8.3,64.1,0.0
butwal,2024-01-22,7.2,60.2,0.3
butwal,2024-01-23,8.2,54.9,0.8
butwal,2024-01-24,13.3,56.0,1.9
butwal,2024-01-25,6.5,58.1,0.2
butwal,2024-01-26,15.1,55.9,1.0
butwal,2024-01-27,7.0,71.2,0.9
butwal,2024-01-28,8.2,57.5,0.5
butwal,2024-01-29,18.3,65.0,1.1
butwal,2024-01-30,11.4,63.7,1.2
butwal,2024-01-31,14.9,53.7,2.0
butwal,2024-02-01,14.3,55.8,1.4
butwal,2024-02-02,11.1,46.4,1.7
butwal,2024-02-03,10.4,59.2,0.5
butwal,2024-02-04,13.9,60.4,0.3
butwal,2024-02-05,6.1,57.6,0.0
butwal,2024-02-06,8.1,65.0,0.3
butwal,2024-02-07,11.9,57.8,0.3
butwal,2024-02-08,4.3,64.5,0.8
butwal,2024-02-09,15.6,81.9,0.6
butwal,2024-02-10,15.2,60.7,0.5
butwal,2024-02-11,13.4,49.6,0.2
butwal,2024-02-12,13.7,61.4,1.3
butwal,2024-02-13,11.3,72.7,0.3
butwal,2024-02-14,10.3,65.9,1.2
butwal,2024-02-15,13.6,59.8,1.0
butwal,2024-02-16,7.5,63.4,2.2
butwal,2024-02-17,9.7,60.6,0.2
butwal,2024-02-18,17.9,65.6,0.4
butwal,2024-02-19,7.2,66.4,0.3
butwal,2024-02-20,16.3,67.5,1.1
butwal,2024-02-21,18.0,62.2,0.4
butwal,2024-02-22,13.9,58.4,0.7
butwal,2024-02-23,9.9,56.0,2.5
butwal,2024-02-24,8.1,64.4,0.3
butwal,2024-02-25,7.8,41.9,1.0
butwal,2024-02-26,8.1,60.1,0.8
butwal,2024-02-27,11.1,66.6,0.2
butwal,2024-02-28,6.6,53.1,1.4
butwal,2024-02-29,15.7,54.6,1.0
butwal,2024-03-01,25.8,70.6,2.7
butwal,2024-03-02,21.0,62.1,2.4
butwal,2024-03-03,23.3,61.3,3.2
butwal,2024-03-04,22.9,66.3,0.3
butwal,2024-03-05,24.2,64.1,3.7
butwal,2024-03-06,22.3,64.7,7.2
butwal,2024-03-07,27.0,54.5,5.1
butwal,2024-03-08,19.6,53.3,5.1
butwal,2024-03-09,22.4,60.8,7.4
butwal,2024-03-10,26.8,74.0,14.7
butwal,2024-03-11,20.7,62.5,1.9
butwal,2024-03-12,24.1,73.9,1.6
butwal,2024-03-13,29.0,64.3,7.7
butwal,2024-03-14,20.1,69.6,1.4
butwal,2024-03-15,20.5,57.8,3.4
butwal,2024-03-16,23.0,74.4,5.4
butwal,2024-03-17,18.1,57.9,9.8
butwal,2024-03-18,18.1,68.0,6.1
butwal,2024-03-19,22.7,64.9,2.8
butwal,2024-03-20,21.8,52.2,1.6
butwal,2024-03-21,23.2,71.0,8.2
butwal,2024-03-22,20.0,77.8,5.5
butwal,2024-03-23,21.8,54.5,7.5
butwal,2024-03-24,20.3,66.0,10.2
butwal,2024-03-25,23.2,48.8,0.4
butwal,2024-03-26,16.1,79.0,3.1
butwal,2024-03-27,26.3,61.2,16.4
butwal,2024-03-28,20.3,58.0,5.1
butwal,2024-03-29,20.9,69.6,0.4
butwal,2024-03-30,26.0,51.1,2.8
butwal,2024-03-31,21.2,55.8,0.4
butwal,2024-04-01,20.2,81.1,4.3
butwal,2024-04-02,19.3,51.8,1.4
butwal,2024-04-03,21.1,58.5,7.9
butwal,2024-04-04,22.6,56.7,2.0
butwal,2024-04-05,21.2,68.6,0.3
butwal,2024-04-06,17.6,59.9,5.9
butwal,2024-04-07,17.1,64.8,3.0
butwal,2024-04-08,22.5,65.9,3.1
butwal,2024-04-09,19.3,68.7,1.2
butwal,2024-04-10,24.1,59.5,3.7
butwal,2024-04-11,26.9,81.9,0.2
butwal,2024-04-12,22.5,77.9,12.9
butwal,2024-04-13,19.4,61.3,0.2
butwal,2024-04-14,22.1,66.7,11.2
butwal,2024-04-15,17.6,70.2,7.0
butwal,2024-04-16,21.2,65.2,2.6
butwal,2024-04-17,24.2,65.5,1.8
butwal,2024-04-18,19.2,64.4,1.1
butwal,2024-04-19,20.6,72.8,2.8
butwal,2024-04-20,20.1,54.0,2.3
butwal,2024-04-21,22.5,67.3,11.4
butwal,2024-04-22,25.3,49.9,3.6
butwal,2024-04-23,14.9,51.7,2.6
butwal,2024-04-24,20.0,68.3,3.6
butwal,2024-04-25,22.2,63.0,2.2
butwal,2024-04-26,21.8,53.4,2.7
butwal,2024-04-27,20.8,66.2,2.9
butwal,2024-04-28,18.8,54.4,3.9
butwal,2024-04-29,24.5,54.3,2.5
butwal,2024-04-30,20.7,66.1,19.0
butwal,2024-05-01,23.2,63.9,0.1
butwal,2024-05-02,24.8,66.2,0.6
butwal,2024-05-03,19.0,64.4,4.7
butwal,2024-05-04,16.6,71.2,1.8
butwal,2024-05-05,18.6,68.0,4.5
butwal,2024-05-06,24.9,66.9,0.1
butwal,2024-05-07,21.9,64.3,11.2
butwal,2024-05-08,16.7,63.0,7.7
butwal,2024-05-09,18.5,51.7,1.4
butwal,2024-05-10,23.0,62.0,13.1
butwal,2024-05-11,20.9,63.6,1.3
butwal,2024-05-12,26.6,65.7,1.4
butwal,2024-05-13,19.8,64.2,6.2
butwal,2024-05-14,23.2,54.5,15.5
butwal,2024-05-15,25.7,59.9,5.9
butwal,2024-05-16,22.6,73.6,2.6
butwal,2024-05-17,18.2,70.8,1.0
butwal,2024-05-18,30.5,63.7,0.3
butwal,2024-05-19,31.2,67.0,12.3
butwal,2024-05-20,25.2,71.6,2.1
butwal,2024-05-21,23.9,52.4,5.2
butwal,2024-05-22,20.0,72.7,3.2
butwal,2024-05-23,22.2,56.0,0.7
butwal,2024-05-24,22.4,69.8,4.0
butwal,2024-05-25,22.1,47.5,0.5
butwal,2024-05-26,21.3,54.9,1.0
butwal,2024-05-27,25.2,67.0,0.8
butwal,2024-05-28,25.1,69.7,9.1
butwal,2024-05-29,20.4,66.9,3.6
butwal,2024-05-30,24.2,61.1,1.8
butwal,2024-05-31,18.8,52.6,2.6
butwal,2024-06-01,29.7,79.3,41.5
butwal,2024-06-02,32.1,78.5,45.1
butwal,2024-06-03,29.3,76.0,44.8
butwal,2024-06-04,29.0,76.7,21.9
butwal,2024-06-05,30.0,61.2,15.5
butwal,2024-06-06,26.6,82.8,22.6
butwal,2024-06-07,24.3,80.9,36.8
butwal,2024-06-08,26.7,67.6,14.0
butwal,2024-06-09,22.9,97.2,73.7
butwal,2024-06-10,28.5,62.1,4.5
butwal,2024-06-11,29.6,90.0,48.5
butwal,2024-06-12,26.6,84.4,18.7
butwal,2024-06-13,31.9,60.6,10.5
butwal,2024-06-14,31.3,66.4,21.7
butwal,2024-06-15,24.8,62.6,18.3
butwal,2024-06-16,22.7,69.5,15.6
butwal,2024-06-17,29.1,91.8,38.6
butwal,2024-06-18,22.8,57.4,7.8
butwal,2024-06-19,29.1,77.7,22.8
butwal,2024-06-20,30.6,83.5,14.8
butwal,2024-06-21,24.4,77.5,6.8
butwal,2024-06-22,28.1,74.2,13.9
butwal,2024-06-23,28.6,61.7,22.6
butwal,2024-06-24,32.5,50.0,27.7
butwal,2024-06-25,23.5,81.3,38.1
butwal,2024-06-26,23.4,72.6,18.9
butwal,2024-06-27,30.5,58.7,19.4
butwal,2024-06-28,28.5,71.0,23.6
butwal,2024-06-29,32.8,77.5,32.7
butwal,2024-06-30,24.3,68.8,30.4
butwal,2024-07-01,24.1,77.5,21.0
butwal,2024-07-02,29.0,85.8,30.8
butwal,2024-07-03,32.5,61.9,19.1
butwal,2024-07-04,27.0,89.5,64.2
butwal,2024-07-05,27.9,68.8,21.7
butwal,2024-07-06,28.3,74.4,43.9
butwal,2024-07-07,27.3,82.2,19.9
butwal,2024-07-08,30.0,68.3,11.2
butwal,2024-07-09,29.3,72.3,31.2
butwal,2024-07-10,24.7,72.1,4.3
butwal,2024-07-11,28.2,70.4,21.2
butwal,2024-07-12,31.2,75.8,32.8
butwal,2024-07-13,33.7,69.2,44.0
butwal,2024-07-14,23.6,81.1,31.5
butwal,2024-07-15,32.3,79.2,26.4
butwal,2024-07-16,23.6,86.2,41.9
butwal,2024-07-17,24.9,60.6,14.6
butwal,2024-07-18,26.4,70.4,26.2
butwal,2024-07-19,26.9,69.8,23.3
butwal,2024-07-20,28.0,77.5,20.1
butwal,2024-07-21,26.8,65.3,27.6
butwal,2024-07-22,30.8,90.5,60.1
butwal,2024-07-23,30.0,62.7,27.7
butwal,2024-07-24,32.0,70.9,26.4
butwal,2024-07-25,33.4,55.8,14.7
butwal,2024-07-26,26.7,73.6,6.3
butwal,2024-07-27,29.4,70.5,24.9
butwal,2024-07-28,22.7,57.3,17.3
butwal,2024-07-29,29.0,75.6,31.8
butwal,2024-07-30,31.0,93.0,52.1
butwal,2024-07-31,28.6,65.5,29.8
butwal,2024-08-01,24.3,66.9,9.0
butwal,2024-08-02,31.7,71.1,12.0
butwal,2024-08-03,30.1,59.6,6.8
butwal,2024-08-04,27.7,76.1,23.5
butwal,2024-08-05,25.2,75.2,19.7
butwal,2024-08-06,31.3,100.0,99.4
butwal,2024-08-07,26.4,56.2,14.6
butwal,2024-08-08,31.8,80.3,22.8
butwal,2024-08-09,24.2,68.5,10.1
butwal,2024-08-10,25.7,67.3,16.9
butwal,2024-08-11,26.7,67.0,14.8
butwal,2024-08-12,29.0,65.5,17.5
butwal,2024-08-13,28.6,67.9,38.7
butwal,2024-08-14,29.9,55.4,15.4
butwal,2024-08-15,25.9,67.4,8.4
butwal,2024-08-16,30.2,66.3,18.1
butwal,2024-08-17,27.0,62.5,13.8
butwal,2024-08-18,32.1,55.6,9.2
butwal,2024-08-19,26.3,78.6,12.3
butwal,2024-08-20,32.5,63.4,26.9
butwal,2024-08-21,23.9,60.2,29.9
butwal,2024-08-22,33.3,93.8,62.8
butwal,2024-08-23,30.0,88.1,73.4
butwal,2024-08-24,27.5,88.5,48.8
butwal,2024-08-25,26.2,84.1,37.4
butwal,2024-08-26,30.0,70.0,9.2
butwal,2024-08-27,26.0,67.4,16.3
butwal,2024-08-28,26.1,70.5,23.7
butwal,2024-08-29,28.5,85.7,40.6
butwal,2024-08-30,31.0,70.2,21.0
butwal,2024-08-31,26.2,67.8,7.8
butwal,2024-09-01,18.9,67.1,20.4
butwal,2024-09-02,19.4,69.0,22.1
butwal,2024-09-03,20.3,75.1,20.5
butwal,2024-09-04,25.5,67.0,13.9
butwal,2024-09-05,16.3,72.5,23.2
butwal,2024-09-06,20.0,50.6,21.0
butwal,2024-09-07,24.8,64.3,19.2
butwal,2024-09-08,23.7,78.7,26.3
butwal,2024-09-09,14.7,89.8,41.9
butwal,2024-09-10,23.5,60.4,29.0
butwal,2024-09-11,20.6,70.9,33.4
butwal,2024-09-12,20.5,59.7,13.5
butwal,2024-09-13,23.9,77.1,32.1
butwal,2024-09-14,23.7,54.1,4.6
butwal,2024-09-15,19.9,69.8,11.8
butwal,2024-09-16,19.6,78.6,20.4
butwal,2024-09-17,22.7,75.0,30.7
butwal,2024-09-18,16.3,79.5,47.6
butwal,2024-09-19,13.4,57.1,11.2
butwal,2024-09-20,25.6,71.4,23.8
butwal,2024-09-21,19.2,80.9,20.6
butwal,2024-09-22,23.0,81.3,46.1
butwal,2024-09-23,23.4,61.0,10.3
butwal,2024-09-24,21.5,66.5,5.4
butwal,2024-09-25,22.8,66.5,12.4
butwal,2024-09-26,24.9,66.7,15.2
butwal,2024-09-27,25.0,61.2,2.1
butwal,2024-09-28,20.1,58.6,9.7
butwal,2024-09-29,20.0,74.4,27.7
butwal,2024-09-30,21.7,51.7,15.8
butwal,2024-10-01,17.8,79.6,11.5
butwal,2024-10-02,21.1,49.6,3.0
butwal,2024-10-03,17.7,73.3,2.8
butwal,2024-10-04,22.2,57.6,2.8
butwal,2024-10-05,18.1,54.3,3.6
butwal,2024-10-06,25.2,54.6,4.1
butwal,2024-10-07,26.9,72.4,5.6
butwal,2024-10-08,19.3,69.2,4.3
butwal,2024-10-09,22.1,57.1,3.4
butwal,2024-10-10,17.2,62.7,0.9
butwal,2024-10-11,19.6,54.9,2.7
butwal,2024-10-12,18.5,56.4,2.1
butwal,2024-10-13,20.6,62.7,3.4
butwal,2024-10-14,21.2,79.1,5.2
butwal,2024-10-15,20.0,80.1,1.7
butwal,2024-10-16,16.8,68.0,5.0
butwal,2024-10-17,16.7,75.7,1.1
butwal,2024-10-18,23.2,53.2,3.1
butwal,2024-10-19,16.8,69.9,1.6
butwal,2024-10-20,23.7,65.3,5.1
butwal,2024-10-21,21.2,49.7,5.2
butwal,2024-10-22,18.1,52.1,8.0
butwal,2024-10-23,26.7,64.4,10.2
butwal,2024-10-24,24.6,48.4,1.8
butwal,2024-10-25,19.4,61.9,0.2
butwal,2024-10-26,19.1,64.2,7.7
butwal,2024-10-27,21.2,63.6,1.6
butwal,2024-10-28,22.4,64.2,1.2
butwal,2024-10-29,14.8,54.9,6.9
butwal,2024-10-30,22.1,75.4,26.4
butwal,2024-10-31,19.1,74.5,15.5
butwal,2024-11-01,18.3,51.5,6.9
butwal,2024-11-02,26.6,64.2,12.8
butwal,2024-11-03,19.1,44.9,2.3
butwal,2024-11-04,23.6,63.3,7.2
butwal,2024-11-05,23.0,50.9,3.8
butwal,2024-11-06,22.2,45.4,3.7
butwal,2024-11-07,29.5,61.2,1.7
butwal,2024-11-08,21.8,94.4,8.0
butwal,2024-11-09,22.7,63.7,1.8
butwal,2024-11-10,22.1,64.4,8.7
butwal,2024-11-11,23.8,60.5,1.3
butwal,2024-11-12,24.9,66.1,5.7
butwal,2024-11-13,18.4,80.6,16.8
butwal,2024-11-14,22.5,77.4,14.1
butwal,2024-11-15,23.9,60.3,7.5
butwal,2024-11-16,23.8,66.3,7.8
butwal,2024-11-17,28.4,65.7,5.2
butwal,2024-11-18,21.2,57.7,1.5
butwal,2024-11-19,22.9,59.0,10.4
butwal,2024-11-20,15.5,63.2,1.2
butwal,2024-11-21,24.4,69.6,14.8
butwal,2024-11-22,22.7,56.7,0.5
butwal,2024-11-23,19.3,58.3,0.1
butwal,2024-11-24,21.3,59.7,3.3
butwal,2024-11-25,25.7,61.3,0.1
butwal,2024-11-26,23.2,75.6,0.4
butwal,2024-11-27,28.4,57.7,0.3
butwal,2024-11-28,23.0,57.8,4.9
butwal,2024-11-29,22.5,53.1,3.3
butwal,2024-11-30,21.1,72.1,5.3
butwal,2024-12-01,14.7,58.7,0.8
butwal,2024-12-02,11.1,53.5,0.0
butwal,2024-12-03,11.1,72.6,1.4
butwal,2024-12-04,19.9,51.8,2.1
butwal,2024-12-05,17.7,56.3,1.7
butwal,2024-12-06,10.9,60.0,0.2
butwal,2024-12-07,15.2,54.3,1.7
butwal,2024-12-08,11.0,42.2,0.1
butwal,2024-12-09,14.3,64.6,0.8
butwal,2024-12-10,3.3,56.8,2.3
butwal,2024-12-11,5.8,66.1,1.6
butwal,2024-12-12,15.8,47.8,1.4
butwal,2024-12-13,5.5,51.7,1.8
butwal,2024-12-14,13.5,53.2,0.4
butwal,2024-12-15,11.5,42.2,2.3
butwal,2024-12-16,12.3,65.6,0.3
butwal,2024-12-17,7.1,58.7,0.6
butwal,2024-12-18,12.1,70.0,0.5
butwal,2024-12-19,9.4,74.3,1.6
butwal,2024-12-20,11.2,55.9,0.4
butwal,2024-12-21,10.9,47.8,0.4
butwal,2024-12-22,-2.8,43.1,0.7
butwal,2024-12-23,7.9,56.9,1.4
butwal,2024-12-24,18.5,67.1,0.2
butwal,2024-12-25,11.4,71.6,0.1
butwal,2024-12-26,20.8,51.8,1.6
butwal,2024-12-27,11.8,65.7,2.0
butwal,2024-12-28,12.5,76.5,0.4
butwal,2024-12-29,8.4,69.6,0.9
butwal,2024-12-30,7.8,64.9,0.3
butwal,2024-12-31,12.8,58.3,0.8
butwal,2025-01-01,13.1,46.8,0.6
butwal,2025-01-02,9.2,64.5,0.0
butwal,2025-01-03,17.0,48.3,0.7
butwal,2025-01-04,7.9,62.7,0.4
butwal,2025-01-05,11.7,63.1,0.5
butwal,2025-01-06,14.8,61.1,0.5
butwal,2025-01-07,12.7,60.6,1.7
butwal,2025-01-08,18.5,52.0,2.4
butwal,2025-01-09,7.4,51.7,1.7
butwal,2025-01-10,19.0,55.7,0.4
butwal,2025-01-11,13.7,59.8,3.3
butwal,2025-01-12,9.3,59.0,0.8
butwal,2025-01-13,10.4,68.6,0.1
butwal,2025-01-14,8.5,55.7,2.2
butwal,2025-01-15,14.9,54.6,0.3
butwal,2025-01-16,17.8,52.4,0.9
butwal,2025-01-17,12.9,57.2,0.1
butwal,2025-01-18,6.2,58.3,1.0
butwal,2025-01-19,8.1,69.9,1.8
butwal,2025-01-20,14.1,70.4,1.1
butwal,2025-01-21,12.7,59.2,1.5
butwal,2025-01-22,17.1,57.6,4.3
butwal,2025-01-23,11.5,53.6,0.5
butwal,2025-01-24,14.4,57.3,0.8
butwal,2025-01-25,11.8,81.7,1.3
butwal,2025-01-26,0.2,57.3,0.4
butwal,2025-01-27,17.0,56.3,0.7
butwal,2025-01-28,10.8,45.8,0.5
butwal,2025-01-29,13.0,73.4,0.8
butwal,2025-01-30,6.9,63.7,0.2
butwal,2025-01-31,10.4,67.6,0.7
butwal,2025-02-01,12.1,51.7,0.5
butwal,2025-02-02,13.2,64.5,2.8
butwal,2025-02-03,23.9,73.9,0.7
butwal,2025-02-04,16.9,57.4,0.1
butwal,2025-02-05,10.0,61.2,1.5
butwal,2025-02-06,10.5,54.3,0.4
butwal,2025-02-07,15.3,55.8,1.8
butwal,2025-02-08,15.0,54.6,0.7
butwal,2025-02-09,10.4,52.3,0.7
butwal,2025-02-10,16.8,64.1,2.2
butwal,2025-02-11,9.8,49.8,1.1
butwal,2025-02-12,8.6,62.3,0.1
butwal,2025-02-13,12.1,51.8,0.6
butwal,2025-02-14,18.8,43.6,0.1
butwal,2025-02-15,14.4,62.9,0.7
butwal,2025-02-16,14.1,63.6,0.6
butwal,2025-02-17,15.6,71.5,3.5
butwal,2025-02-18,5.1,51.4,0.5
butwal,2025-02-19,3.1,47.9,5.4
butwal,2025-02-20,17.6,64.1,1.3
butwal,2025-02-21,9.6,56.1,0.9
butwal,2025-02-22,13.1,65.7,0.1
butwal,2025-02-23,11.2,48.5,2.0
butwal,2025-02-24,13.7,47.4,1.5
butwal,2025-02-25,3.7,65.2,2.6
butwal,2025-02-26,14.0,67.2,1.1
butwal,2025-02-27,17.3,60.2,0.5
butwal,2025-02-28,22.5,36.3,1.1
butwal,2025-03-01,22.6,54.5,3.8
butwal,2025-03-02,25.5,57.3,6.5
butwal,2025-03-03,22.9,64.0,2.9
butwal,2025-03-04,20.9,79.3,6.5
butwal,2025-03-05,24.7,60.3,17.9
butwal,2025-03-06,16.7,46.8,0.7
butwal,2025-03-07,17.1,68.0,0.1
butwal,2025-03-08,20.5,69.9,8.2
butwal,2025-03-09,23.7,70.7,4.6
butwal,2025-03-10,23.8,63.5,2.3
butwal,2025-03-11,27.6,68.8,6.1
butwal,2025-03-12,27.8,50.4,1.8
butwal,2025-03-13,21.9,66.6,12.2
butwal,2025-03-14,18.3,59.1,0.8
butwal,2025-03-15,20.6,55.0,1.4
butwal,2025-03-16,20.8,82.2,1.6
butwal,2025-03-17,21.4,58.2,3.1
butwal,2025-03-18,18.1,57.7,0.2
butwal,2025-03-19,27.2,68.3,4.4
butwal,2025-03-20,20.7,58.9,12.4
butwal,2025-03-21,24.3,68.8,2.6
butwal,2025-03-22,18.0,77.7,2.4
butwal,2025-03-23,24.2,62.3,6.6
butwal,2025-03-24,24.6,71.0,11.8
butwal,2025-03-25,21.7,63.2,6.2
butwal,2025-03-26,15.4,71.3,4.2
butwal,2025-03-27,23.9,51.7,4.6
butwal,2025-03-28,20.4,50.5,4.0
butwal,2025-03-29,19.9,65.7,1.7
butwal,2025-03-30,19.9,61.6,0.7
butwal,2025-03-31,23.2,72.3,0.6
butwal,2025-04-01,23.9,60.2,3.9
butwal,2025-04-02,20.2,48.6,1.3
butwal,2025-04-03,23.6,59.2,0.2
butwal,2025-04-04,22.1,55.8,0.7
butwal,2025-04-05,23.0,72.3,5.3
butwal,2025-04-06,15.3,67.5,4.3
butwal,2025-04-07,23.8,49.7,0.3
butwal,2025-04-08,13.0,60.8,1.3
butwal,2025-04-09,23.8,60.4,1.3
butwal,2025-04-10,17.2,68.4,3.1
butwal,2025-04-11,15.6,50.0,1.9
butwal,2025-04-12,20.1,80.2,6.1
butwal,2025-04-13,21.3,54.9,8.3
butwal,2025-04-14,20.4,47.8,5.6
butwal,2025-04-15,18.4,70.4,13.0
butwal,2025-04-16,21.9,53.0,0.3
butwal,2025-04-17,25.8,58.0,1.7
butwal,2025-04-18,20.5,52.7,0.3
butwal,2025-04-19,20.4,71.5,19.4
butwal,2025-04-20,24.5,50.4,2.5
butwal,2025-04-21,21.5,76.3,2.8
butwal,2025-04-22,21.8,60.2,2.9
butwal,2025-04-23,22.7,69.2,3.2
butwal,2025-04-24,22.7,59.8,0.6
butwal,2025-04-25,24.4,63.3,1.8
butwal,2025-04-26,23.8,59.6,5.9
butwal,2025-04-27,22.1,69.8,6.0
butwal,2025-04-28,21.8,61.9,11.4
butwal,2025-04-29,21.7,69.6,11.7
butwal,2025-04-30,19.0,62.2,1.0
butwal,2025-05-01,21.2,66.5,3.7
butwal,2025-05-02,18.8,70.9,4.3
butwal,2025-05-03,22.8,58.2,0.3
butwal,2025-05-04,23.6,73.3,19.3
butwal,2025-05-05,18.7,68.1,1.1
butwal,2025-05-06,21.1,65.0,0.7
butwal,2025-05-07,19.1,69.4,0.2
butwal,2025-05-08,21.2,51.2,3.6
butwal,2025-05-09,23.5,62.4,0.5
butwal,2025-05-10,25.8,82.2,9.2
butwal,2025-05-11,21.8,49.8,5.9
butwal,2025-05-12,24.1,48.7,5.5
butwal,2025-05-13,23.6,68.7,0.3
butwal,2025-05-14,19.8,76.0,1.1
butwal,2025-05-15,20.4,80.4,10.0
butwal,2025-05-16,22.3,54.8,0.1
butwal,2025-05-17,25.6,58.7,0.3
butwal,2025-05-18,20.5,64.3,2.9
butwal,2025-05-19,25.7,58.8,4.1
butwal,2025-05-20,27.3,68.3,6.5
butwal,2025-05-21,21.0,67.7,1.7
butwal,2025-05-22,21.1,68.9,1.0
butwal,2025-05-23,17.5,62.7,6.4
butwal,2025-05-24,23.7,56.5,0.5
butwal,2025-05-25,24.8,62.2,1.8
butwal,2025-05-26,22.8,56.9,6.9
butwal,2025-05-27,24.2,62.3,0.0
butwal,2025-05-28,25.8,62.4,9.1
butwal,2025-05-29,14.8,52.8,1.6
butwal,2025-05-30,22.5,61.7,1.0
butwal,2025-05-31,22.7,58.8,1.3
butwal,2025-06-01,26.1,80.4,13.2
butwal,2025-06-02,27.2,70.5,7.8
butwal,2025-06-03,24.6,81.0,17.6
butwal,2025-06-04,25.7,74.4,29.0
butwal,2025-06-05,26.3,56.6,20.3
butwal,2025-06-06,28.7,84.6,42.0
butwal,2025-06-07,28.1,62.4,17.3
butwal,2025-06-08,30.9,84.4,19.9
butwal,2025-06-09,27.5,82.0,39.6
butwal,2025-06-10,24.5,63.8,12.2
butwal,2025-06-11,29.2,70.1,28.2
butwal,2025-06-12,32.1,64.3,22.1
butwal,2025-06-13,30.4,77.1,39.8
butwal,2025-06-14,29.7,76.9,28.6
butwal,2025-06-15,28.6,81.0,23.9
butwal,2025-06-16,30.0,73.2,14.7
butwal,2025-06-17,26.3,67.2,17.8
butwal,2025-06-18,32.8,89.2,50.0
butwal,2025-06-19,26.9,87.7,82.2
butwal,2025-06-20,26.7,68.9,39.9
butwal,2025-06-21,23.3,68.7,12.9
butwal,2025-06-22,35.7,80.8,53.6
butwal,2025-06-23,32.2,52.6,22.4
butwal,2025-06-24,32.0,80.7,44.2
butwal,2025-06-25,28.9,75.3,25.0
butwal,2025-06-26,24.2,58.7,11.1
butwal,2025-06-27,27.1,66.2,36.0
butwal,2025-06-28,31.3,100.0,90.5
butwal,2025-06-29,34.9,60.9,27.7
butwal,2025-06-30,24.0,70.4,33.4
butwal,2025-07-01,25.5,57.7,13.0
butwal,2025-07-02,27.6,72.9,18.5
butwal,2025-07-03,32.1,100.0,77.6
butwal,2025-07-04,32.7,67.3,21.9
butwal,2025-07-05,33.1,72.1,6.3
butwal,2025-07-06,28.5,52.0,8.7
butwal,2025-07-07,27.2,56.7,19.0
butwal,2025-07-08,24.8,72.8,20.5
butwal,2025-07-09,27.1,72.1,14.8
butwal,2025-07-10,25.3,68.5,26.2
butwal,2025-07-11,29.7,79.5,39.8
butwal,2025-07-12,26.2,56.4,18.8
butwal,2025-07-13,29.3,78.7,16.1
butwal,2025-07-14,28.5,80.9,28.1
butwal,2025-07-15,27.1,69.6,22.8
butwal,2025-07-16,28.0,87.2,43.3
butwal,2025-07-17,31.5,62.5,16.3
butwal,2025-07-18,26.7,76.0,11.7
butwal,2025-07-19,28.2,100.0,103.7
butwal,2025-07-20,27.7,96.2,61.8
butwal,2025-07-21,27.9,73.6,18.1
butwal,2025-07-22,28.6,61.5,15.7
butwal,2025-07-23,30.3,66.0,22.9
butwal,2025-07-24,33.1,56.9,12.7
butwal,2025-07-25,29.3,61.9,10.5
butwal,2025-07-26,21.7,68.5,34.2
butwal,2025-07-27,28.2,80.7,45.9
butwal,2025-07-28,28.2,70.9,16.5
butwal,2025-07-29,22.2,89.0,30.8
butwal,2025-07-30,28.6,74.2,27.1
butwal,2025-07-31,27.5,72.1,20.5
butwal,2025-08-01,27.7,79.1,24.4
butwal,2025-08-02,27.6,60.6,12.1
butwal,2025-08-03,30.0,65.0,10.5
butwal,2025-08-04,30.9,99.4,52.1
butwal,2025-08-05,24.7,59.2,35.5
butwal,2025-08-06,27.8,76.1,27.4
butwal,2025-08-07,32.5,71.2,20.2
butwal,2025-08-08,29.2,75.9,30.4
butwal,2025-08-09,24.8,79.6,30.6
butwal,2025-08-10,33.9,98.6,45.0
butwal,2025-08-11,34.9,69.0,33.8
butwal,2025-08-12,25.4,77.9,38.1
butwal,2025-08-13,25.7,75.4,14.4
butwal,2025-08-14,26.9,66.4,17.4
butwal,2025-08-15,23.7,73.5,12.0
butwal,2025-08-16,29.7,70.5,9.4
butwal,2025-08-17,26.2,70.5,32.6
butwal,2025-08-18,28.8,98.9,67.4
butwal,2025-08-19,25.9,70.6,14.0
butwal,2025-08-20,26.6,55.2,9.4
butwal,2025-08-21,30.3,54.2,17.4
butwal,2025-08-22,30.7,100.0,64.3
butwal,2025-08-23,23.2,68.5,26.5
butwal,2025-08-24,25.0,100.0,100.6
butwal,2025-08-25,25.2,64.3,8.6
butwal,2025-08-26,29.6,69.4,11.7
butwal,2025-08-27,28.7,64.1,19.2
butwal,2025-08-28,25.3,79.8,25.2
butwal,2025-08-29,28.6,78.9,20.8
butwal,2025-08-30,30.9,87.2,65.1
butwal,2025-08-31,29.4,83.3,23.0
butwal,2025-09-01,20.7,71.5,2.8
butwal,2025-09-02,23.6,66.9,22.7
butwal,2025-09-03,18.3,96.0,35.6
butwal,2025-09-04,18.9,100.0,67.7
butwal,2025-09-05,22.5,68.6,40.4
butwal,2025-09-06,20.2,70.2,22.9
butwal,2025-09-07,22.2,78.4,21.5
butwal,2025-09-08,16.6,66.8,20.8
butwal,2025-09-09,26.5,85.6,32.5
butwal,2025-09-10,17.5,84.4,28.6
butwal,2025-09-11,19.8,75.1,29.8
butwal,2025-09-12,26.5,60.7,3.7
butwal,2025-09-13,23.7,90.0,34.8
butwal,2025-09-14,23.8,53.6,20.9
butwal,2025-09-15,20.2,60.6,15.3
butwal,2025-09-16,17.7,99.7,41.0
butwal,2025-09-17,18.7,57.5,10.8
butwal,2025-09-18,24.4,78.3,21.2
butwal,2025-09-19,27.7,49.9,10.7
butwal,2025-09-20,20.9,96.1,62.3
butwal,2025-09-21,24.4,94.0,65.6
butwal,2025-09-22,27.3,66.1,32.1
butwal,2025-09-23,20.6,56.7,8.1
butwal,2025-09-24,19.4,75.4,11.1
butwal,2025-09-25,22.1,64.2,21.6
butwal,2025-09-26,22.1,61.2,11.9
butwal,2025-09-27,20.6,68.3,42.3
butwal,2025-09-28,20.4,73.2,32.8
butwal,2025-09-29,22.3,52.7,14.0
butwal,2025-09-30,26.3,63.5,35.6
butwal,2025-10-01,15.7,71.1,1.4
butwal,2025-10-02,19.1,69.3,1.4
butwal,2025-10-03,21.0,59.8,5.6
butwal,2025-10-04,22.8,66.0,0.6
butwal,2025-10-05,21.6,70.6,4.0
butwal,2025-10-06,23.8,64.3,6.3
butwal,2025-10-07,24.5,56.2,4.0
butwal,2025-10-08,19.3,57.2,5.3
butwal,2025-10-09,19.6,52.7,1.7
butwal,2025-10-10,23.5,72.1,1.9
butwal,2025-10-11,26.1,51.9,1.5
butwal,2025-10-12,21.2,77.1,7.0
butwal,2025-10-13,17.4,64.1,5.0
butwal,2025-10-14,22.9,59.1,4.7
butwal,2025-10-15,25.0,62.0,0.1
butwal,2025-10-16,25.8,73.8,1.3
butwal,2025-10-17,23.8,59.2,3.1
butwal,2025-10-18,28.1,59.9,1.4
butwal,2025-10-19,24.2,60.5,9.7
butwal,2025-10-20,28.7,51.0,5.8
butwal,2025-10-21,17.2,54.7,3.0
butwal,2025-10-22,22.0,70.1,2.9
butwal,2025-10-23,27.6,41.6,0.4
butwal,2025-10-24,20.6,84.3,10.5
butwal,2025-10-25,20.9,69.6,6.6
butwal,2025-10-26,21.3,55.7,0.8
butwal,2025-10-27,24.9,82.0,2.9
butwal,2025-10-28,24.3,60.0,7.7
butwal,2025-10-29,22.0,61.0,4.8
butwal,2025-10-30,22.9,61.4,3.5
butwal,2025-10-31,20.8,65.5,6.9
butwal,2025-11-01,22.5,58.0,0.1
butwal,2025-11-02,23.8,47.4,2.4
butwal,2025-11-03,21.8,57.6,1.5
butwal,2025-11-04,23.4,51.0,0.6
butwal,2025-11-05,23.5,74.0,6.9
butwal,2025-11-06,22.0,49.9,1.9
butwal,2025-11-07,19.2,67.6,0.2
butwal,2025-11-08,26.7,62.6,10.5
butwal,2025-11-09,23.1,58.7,0.0
butwal,2025-11-10,21.9,76.4,13.7
butwal,2025-11-11,19.9,62.4,1.7
butwal,2025-11-12,19.3,71.3,16.6
butwal,2025-11-13,21.6,65.0,3.4
butwal,2025-11-14,23.9,54.8,6.4
butwal,2025-11-15,24.9,70.7,15.0
butwal,2025-11-16,22.3,61.1,3.2
butwal,2025-11-17,21.9,71.2,1.9
butwal,2025-11-18,20.5,63.3,3.4
butwal,2025-11-19,22.8,59.6,2.2
butwal,2025-11-20,22.5,72.7,1.6
butwal,2025-11-21,16.4,53.3,2.0
butwal,2025-11-22,25.8,70.6,3.1
butwal,2025-11-23,20.4,53.5,2.0
butwal,2025-11-24,22.6,49.5,0.4
butwal,2025-11-25,23.1,64.0,2.7
butwal,2025-11-26,22.6,41.8,3.1
butwal,2025-11-27,15.6,65.2,14.3
butwal,2025-11-28,23.4,69.9,0.9
butwal,2025-11-29,21.6,55.6,4.8
butwal,2025-11-30,21.1,62.5,16.9
butwal,2025-12-01,10.6,52.9,0.5
butwal,2025-12-02,10.5,68.3,1.5
butwal,2025-12-03,13.3,61.2,0.5
butwal,2025-12-04,13.6,55.4,0.2
butwal,2025-12-05,8.6,74.1,0.7
butwal,2025-12-06,12.0,66.1,0.4
butwal,2025-12-07,11.6,78.9,1.6
butwal,2025-12-08,15.9,60.7,0.3
butwal,2025-12-09,17.9,48.9,0.6
butwal,2025-12-10,17.6,65.9,1.1
butwal,2025-12-11,10.2,71.5,0.1
butwal,2025-12-12,15.6,68.0,0.8
butwal,2025-12-13,14.9,56.0,1.1
butwal,2025-12-14,4.9,48.6,1.1
butwal,2025-12-15,16.5,57.9,0.2
butwal,2025-12-16,8.1,57.8,0.4
butwal,2025-12-17,13.7,59.6,0.0
butwal,2025-12-18,10.9,66.5,1.4
butwal,2025-12-19,9.3,62.5,2.3
butwal,2025-12-20,12.5,56.1,3.9
butwal,2025-12-21,13.6,71.2,0.8
butwal,2025-12-22,8.8,63.3,0.4
butwal,2025-12-23,14.3,55.0,0.1
butwal,2025-12-24,10.9,61.7,0.6
butwal,2025-12-25,8.5,55.3,1.0
butwal,2025-12-26,14.8,51.2,0.2
butwal,2025-12-27,8.0,57.9,0.9
butwal,2025-12-28,15.7,63.3,1.9
butwal,2025-12-29,18.7,55.4,1.0
butwal,2025-12-30,9.5,61.2,0.3
butwal,2025-12-31,15.5,67.5,0.6
janakpur,2024-01-01,13.5,67.5,1.2
janakpur,2024-01-02,20.7,74.8,2.9
janakpur,2024-01-03,20.6,59.7,0.5
janakpur,2024-01-04,10.9,62.0,1.1
janakpur,2024-01-05,16.1,48.6,0.8
janakpur,2024-01-06,9.4,53.8,1.0
janakpur,2024-01-07,8.0,67.3,0.8
janakpur,2024-01-08,10.4,60.3,0.3
janakpur,2024-01-09,14.5,49.0,1.5
janakpur,2024-01-10,15.1,57.3,0.4
janakpur,2024-01-11,12.0,63.0,0.7
janakpur,2024-01-12,17.0,87.3,0.2
janakpur,2024-01-13,14.3,56.3,0.4
janakpur,2024-01-14,10.6,74.3,0.3
janakpur,2024-01-15,16.5,60.7,0.3
janakpur,2024-01-16,15.4,68.4,1.0
janakpur,2024-01-17,21.5,59.1,0.2
janakpur,2024-01-18,15.3,67.3,0.1
janakpur,2024-01-19,11.7,78.1,0.1
janakpur,2024-01-20,19.3,67.7,1.0
janakpur,2024-01-21,17.2,74.0,0.3
janakpur,2024-01-22,19.6,49.4,1.4
janakpur,2024-01-23,8.5,70.6,0.1
janakpur,2024-01-24,9.7,56.9,2.5
janakpur,2024-01-25,15.8,57.4,1.1
janakpur,2024-01-26,13.3,71.7,0.1
janakpur,2024-01-27,11.8,64.8,0.3
janakpur,2024-01-28,16.2,41.3,0.5
janakpur,2024-01-29,9.1,60.0,0.8
janakpur,2024-01-30,17.5,59.9,3.1
janakpur,2024-01-31,20.1,69.5,0.2
janakpur,2024-02-01,17.5,55.0,0.3
janakpur,2024-02-02,14.0,71.9,3.5
janakpur,2024-02-03,14.0,40.5,0.3
janakpur,2024-02-04,7.6,60.4,0.6
janakpur,2024-02-05,18.1,61.8,0.3
janakpur,2024-02-06,25.1,67.0,2.0
janakpur,2024-02-07,16.4,68.2,3.3
janakpur,2024-02-08,9.5,59.4,0.1
janakpur,2024-02-09,16.8,66.1,0.3
janakpur,2024-02-10,12.6,67.2,0.1
janakpur,2024-02-11,12.8,45.0,1.3
janakpur,2024-02-12,9.5,77.4,0.0
janakpur,2024-02-13,11.7,71.5,0.0
janakpur,2024-02-14,15.9,71.6,0.4
janakpur,2024-02-15,9.2,52.3,6.4
janakpur,2024-02-16,7.1,59.4,1.0
janakpur,2024-02-17,11.8,58.5,1.2
janakpur,2024-02-18,13.7,69.8,1.8
janakpur,2024-02-19,16.7,54.5,0.4
janakpur,2024-02-20,11.9,73.3,1.4
janakpur,2024-02-21,12.3,64.2,0.4
janakpur,2024-02-22,7.7,63.5,0.7
janakpur,2024-02-23,10.1,64.9,0.2
janakpur,2024-02-24,14.3,48.7,0.0
janakpur,2024-02-25,13.8,70.3,1.1
janakpur,2024-02-26,22.4,56.2,0.5
janakpur,2024-02-27,14.7,77.3,2.2
janakpur,2024-02-28,13.9,65.6,1.0
janakpur,2024-02-29,14.5,47.9,0.1
janakpur,2024-03-01,21.9,57.6,2.2
janakpur,2024-03-02,32.2,60.0,4.1
janakpur,2024-03-03,19.4,55.7,0.5
janakpur,2024-03-04,23.7,69.1,7.4
janakpur,2024-03-05,25.0,65.4,16.6
janakpur,2024-03-06,25.0,65.4,0.5
janakpur,2024-03-07,26.6,51.9,5.1
janakpur,2024-03-08,24.8,56.1,0.5
janakpur,2024-03-09,21.5,58.0,10.8
janakpur,2024-03-10,23.3,49.9,3.2
janakpur,2024-03-11,27.5,49.5,3.0
janakpur,2024-03-12,25.9,65.1,6.6
janakpur,2024-03-13,25.3,63.5,4.2
janakpur,2024-03-14,26.8,67.2,8.7
janakpur,2024-03-15,25.1,65.9,0.6
janakpur,2024-03-16,22.8,54.7,2.7
janakpur,2024-03-17,21.2,52.5,1.1
janakpur,2024-03-18,23.3,71.6,8.5
janakpur,2024-03-19,20.8,52.9,1.2
janakpur,2024-03-20,22.9,60.6,12.8
janakpur,2024-03-21,29.2,60.8,2.5
janakpur,2024-03-22,23.5,55.7,0.5
janakpur,2024-03-23,29.7,69.8,1.4
janakpur,2024-03-24,29.4,58.8,4.8
janakpur,2024-03-25,24.8,68.9,5.5
janakpur,2024-03-26,22.1,68.4,1.9
janakpur,2024-03-27,26.7,64.4,4.6
janakpur,2024-03-28,24.3,63.4,2.8
janakpur,2024-03-29,24.0,68.8,2.9
janakpur,2024-03-30,20.1,57.1,3.4
janakpur,2024-03-31,20.1,53.7,1.2
janakpur,2024-04-01,22.2,47.5,0.1
janakpur,2024-04-02,25.7,68.4,11.6
janakpur,2024-04-03,26.4,74.1,11.3
janakpur,2024-04-04,22.6,63.2,6.6
janakpur,2024-04-05,23.2,50.2,0.9
janakpur,2024-04-06,19.9,51.5,0.2
janakpur,2024-04-07,25.7,68.1,8.3
janakpur,2024-04-08,21.9,56.5,2.4
janakpur,2024-04-09,22.7,68.6,1.8
janakpur,2024-04-10,21.6,46.2,2.7
janakpur,2024-04-11,21.9,84.0,8.8
janakpur,2024-04-12,28.8,56.2,5.0
janakpur,2024-04-13,22.2,67.8,2.6
janakpur,2024-04-14,22.8,71.5,5.1
janakpur,2024-04-15,26.4,55.2,1.4
janakpur,2024-04-16,25.4,60.3,0.7
janakpur,2024-04-17,24.7,48.3,7.8
janakpur,2024-04-18,27.2,66.2,0.4
janakpur,2024-04-19,25.2,71.0,6.5
janakpur,2024-04-20,22.4,82.9,14.0
janakpur,2024-04-21,24.9,61.4,10.1
janakpur,2024-04-22,24.6,40.9,0.7
janakpur,2024-04-23,20.6,67.1,1.9
janakpur,2024-04-24,25.9,54.3,2.7
janakpur,2024-04-25,24.7,68.4,5.4
janakpur,2024-04-26,22.4,61.2,0.3
janakpur,2024-04-27,23.0,64.6,13.0
janakpur,2024-04-28,22.1,64.5,14.3
janakpur,2024-04-29,22.7,68.6,2.8
janakpur,2024-04-30,22.1,64.0,1.2
janakpur,2024-05-01,19.9,62.7,1.5
janakpur,2024-05-02,23.2,44.4,2.8
janakpur,2024-05-03,26.2,54.5,0.1
janakpur,2024-05-04,27.2,61.6,0.6
janakpur,2024-05-05,26.6,69.9,2.8
janakpur,2024-05-06,27.4,66.9,14.7
janakpur,2024-05-07,24.8,54.0,1.9
janakpur,2024-05-08,28.4,60.3,7.0
janakpur,2024-05-09,26.2,60.0,7.8
janakpur,2024-05-10,24.1,60.8,3.0
janakpur,2024-05-11,24.1,40.8,4.0
janakpur,2024-05-12,23.2,58.9,2.4
janakpur,2024-05-13,25.3,71.4,0.8
janakpur,2024-05-14,25.7,63.9,2.4
janakpur,2024-05-15,22.2,46.9,5.0
janakpur,2024-05-16,16.8,50.0,7.3
janakpur,2024-05-17,26.1,55.6,0.5
janakpur,2024-05-18,21.8,65.2,2.9
janakpur,2024-05-19,25.6,68.9,10.0
janakpur,2024-05-20,20.0,79.3,17.8
janakpur,2024-05-21,18.6,58.1,9.8
janakpur,2024-05-22,25.5,70.0,3.6
janakpur,2024-05-23,27.6,60.7,9.7
janakpur,2024-05-24,26.6,51.3,2.6
janakpur,2024-05-25,26.9,64.3,10.5
janakpur,2024-05-26,26.9,74.3,11.1
janakpur,2024-05-27,20.3,48.4,0.6
janakpur,2024-05-28,22.7,47.9,5.4
janakpur,2024-05-29,19.1,56.7,1.9
janakpur,2024-05-30,23.1,66.4,2.0
janakpur,2024-05-31,20.1,61.4,1.6
janakpur,2024-06-01,29.5,82.6,54.7
janakpur,2024-06-02,30.4,54.9,17.4
janakpur,2024-06-03,30.5,75.0,40.1
janakpur,2024-06-04,31.0,73.0,23.1
janakpur,2024-06-05,29.3,68.8,11.0
janakpur,2024-06-06,32.5,83.8,39.9
janakpur,2024-06-07,26.7,61.5,17.1
janakpur,2024-06-08,23.1,66.5,30.4
janakpur,2024-06-09,30.7,72.8,31.5
janakpur,2024-06-10,27.7,59.1,17.1
janakpur,2024-06-11,29.7,67.9,17.5
janakpur,2024-06-12,32.2,67.9,35.6
janakpur,2024-06-13,24.3,64.0,20.3
janakpur,2024-06-14,30.7,64.9,12.7
janakpur,2024-06-15,29.7,72.2,10.5
janakpur,2024-06-16,35.6,63.9,11.5
janakpur,2024-06-17,38.5,71.0,7.2
janakpur,2024-06-18,31.2,77.9,28.5
janakpur,2024-06-19,26.8,80.3,20.2
janakpur,2024-06-20,35.9,74.3,22.5
janakpur,2024-06-21,30.9,70.2,41.1
janakpur,2024-06-22,29.0,67.8,19.1
janakpur,2024-06-23,29.7,90.4,57.3
janakpur,2024-06-24,35.6,75.0,15.6
janakpur,2024-06-25,30.1,63.1,10.8
janakpur,2024-06-26,24.8,68.5,11.0
janakpur,2024-06-27,34.5,76.2,22.9
janakpur,2024-06-28,36.0,71.4,27.4
janakpur,2024-06-29,33.0,100.0,91.1
janakpur,2024-06-30,24.3,81.4,24.2
janakpur,2024-07-01,27.0,85.0,15.0
janakpur,2024-07-02,28.5,72.2,20.3
janakpur,2024-07-03,31.9,67.4,17.7
janakpur,2024-07-04,35.1,100.0,97.1
janakpur,2024-07-05,35.3,68.9,46.9
janakpur,2024-07-06,32.1,100.0,59.4
janakpur,2024-07-07,34.3,58.4,5.4
janakpur,2024-07-08,30.4,66.8,35.8
janakpur,2024-07-09,28.8,86.1,60.9
janakpur,2024-07-10,31.2,79.2,29.5
janakpur,2024-07-11,27.9,70.0,24.2
janakpur,2024-07-12,27.8,68.7,7.0
janakpur,2024-07-13,31.2,64.7,15.7
janakpur,2024-07-14,24.7,78.1,20.7
janakpur,2024-07-15,30.6,79.2,23.0
janakpur,2024-07-16,27.0,78.5,18.5
janakpur,2024-07-17,30.4,55.7,21.4
janakpur,2024-07-18,30.6,63.1,15.3
janakpur,2024-07-19,35.9,79.0,39.1
janakpur,2024-07-20,25.8,69.7,34.6
janakpur,2024-07-21,31.0,65.2,18.1
janakpur,2024-07-22,34.2,83.4,44.1
janakpur,2024-07-23,29.1,62.0,1.4
janakpur,2024-07-24,38.0,66.8,8.9
janakpur,2024-07-25,26.7,82.8,28.9
janakpur,2024-07-26,31.1,59.1,18.0
janakpur,2024-07-27,27.9,81.5,18.2
janakpur,2024-07-28,27.4,65.8,14.3
janakpur,2024-07-29,32.6,59.6,9.6
janakpur,2024-07-30,27.6,64.5,22.0
janakpur,2024-07-31,31.4,76.0,49.3
janakpur,2024-08-01,32.9,58.2,14.4
janakpur,2024-08-02,29.7,62.0,9.0
janakpur,2024-08-03,27.7,60.8,3.3
janakpur,2024-08-04,30.3,60.6,9.2
janakpur,2024-08-05,31.0,63.9,2.4
janakpur,2024-08-06,33.8,72.0,27.1
janakpur,2024-08-07,26.7,73.0,28.7
janakpur,2024-08-08,26.9,54.2,13.7
janakpur,2024-08-09,24.9,74.8,18.8
janakpur,2024-08-10,29.3,73.3,22.6
janakpur,2024-08-11,33.1,59.7,19.9
janakpur,2024-08-12,30.0,81.0,35.8
janakpur,2024-08-13,28.7,65.8,5.6
janakpur,2024-08-14,26.5,73.7,9.8
janakpur,2024-08-15,31.5,72.3,45.6
janakpur,2024-08-16,29.6,96.2,47.8
janakpur,2024-08-17,23.4,68.5,15.7
janakpur,2024-08-18,21.4,86.7,32.6
janakpur,2024-08-19,28.1,70.9,6.1
janakpur,2024-08-20,32.0,62.3,20.6
janakpur,2024-08-21,30.9,64.0,14.4
janakpur,2024-08-22,27.2,56.8,5.4
janakpur,2024-08-23,28.9,63.3,20.0
janakpur,2024-08-24,24.5,74.7,19.7
janakpur,2024-08-25,36.6,71.4,27.5
janakpur,2024-08-26,29.6,71.3,22.1
janakpur,2024-08-27,34.2,74.3,27.1
janakpur,2024-08-28,28.3,73.6,25.9
janakpur,2024-08-29,31.7,74.9,18.0
janakpur,2024-08-30,28.0,67.0,13.8
janakpur,2024-08-31,27.9,53.7,11.2
janakpur,2024-09-01,25.3,78.6,33.2
janakpur,2024-09-02,27.6,72.5,64.3
janakpur,2024-09-03,21.8,70.4,25.7
janakpur,2024-09-04,23.9,61.2,4.5
janakpur,2024-09-05,26.7,50.1,7.6
janakpur,2024-09-06,27.6,72.2,8.0
janakpur,2024-09-07,30.5,65.0,9.4
janakpur,2024-09-08,29.4,83.2,24.8
janakpur,2024-09-09,24.4,65.9,13.1
janakpur,2024-09-10,18.8,67.2,28.2
janakpur,2024-09-11,27.2,70.1,24.6
janakpur,2024-09-12,23.8,63.1,3.6
janakpur,2024-09-13,24.5,62.7,20.9
janakpur,2024-09-14,27.4,75.9,28.1
janakpur,2024-09-15,26.3,81.0,19.2
janakpur,2024-09-16,25.0,60.6,9.0
janakpur,2024-09-17,18.2,81.4,48.7
janakpur,2024-09-18,23.4,95.5,64.7
janakpur,2024-09-19,23.0,58.3,29.6
janakpur,2024-09-20,27.7,86.0,19.4
janakpur,2024-09-21,25.0,89.0,65.6
janakpur,2024-09-22,21.0,74.9,29.0
janakpur,2024-09-23,19.7,52.6,19.9
janakpur,2024-09-24,23.3,68.4,23.8
janakpur,2024-09-25,25.1,70.7,29.8
janakpur,2024-09-26,25.2,65.9,34.0
janakpur,2024-09-27,20.2,73.1,19.0
janakpur,2024-09-28,21.0,81.7,29.6
janakpur,2024-09-29,22.9,66.8,21.7
janakpur,2024-09-30,19.0,75.0,50.8
janakpur,2024-10-01,22.6,55.1,0.2
janakpur,2024-10-02,21.6,71.0,1.2
janakpur,2024-10-03,28.9,65.9,3.2
janakpur,2024-10-04,23.6,64.4,1.9
janakpur,2024-10-05,24.9,53.5,4.1
janakpur,2024-10-06,28.8,66.2,3.5
janakpur,2024-10-07,28.4,76.0,9.9
janakpur,2024-10-08,22.0,61.7,1.9
janakpur,2024-10-09,23.2,61.3,6.5
janakpur,2024-10-10,21.8,66.6,4.2
janakpur,2024-10-11,26.0,64.1,1.4
janakpur,2024-10-12,21.5,61.3,5.2
janakpur,2024-10-13,27.4,80.0,1.8
janakpur,2024-10-14,23.5,75.2,6.7
janakpur,2024-10-15,26.3,62.6,11.5
janakpur,2024-10-16,26.4,51.2,2.2
janakpur,2024-10-17,20.7,44.5,5.3
janakpur,2024-10-18,24.6,53.7,2.0
janakpur,2024-10-19,22.4,62.1,4.9
janakpur,2024-10-20,20.2,63.4,4.3
janakpur,2024-10-21,25.4,50.6,8.4
janakpur,2024-10-22,24.7,59.6,8.1
janakpur,2024-10-23,22.7,64.3,18.5
janakpur,2024-10-24,27.7,54.4,1.9
janakpur,2024-10-25,17.2,53.1,0.3
janakpur,2024-10-26,21.3,50.1,0.5
janakpur,2024-10-27,19.3,48.3,1.5
janakpur,2024-10-28,21.6,58.6,3.8
janakpur,2024-10-29,26.4,62.3,2.4
janakpur,2024-10-30,24.8,60.7,5.0
janakpur,2024-10-31,28.6,62.9,16.3
janakpur,2024-11-01,21.1,50.4,1.4
janakpur,2024-11-02,20.3,58.8,2.3
janakpur,2024-11-03,22.3,71.5,3.5
janakpur,2024-11-04,28.3,68.6,13.4
janakpur,2024-11-05,28.3,49.2,1.4
janakpur,2024-11-06,20.9,65.5,1.5
janakpur,2024-11-07,27.8,68.6,3.3
janakpur,2024-11-08,27.0,60.8,8.2
janakpur,2024-11-09,22.6,80.0,28.0
janakpur,2024-11-10,33.5,60.6,11.6
janakpur,2024-11-11,25.9,70.8,0.8
janakpur,2024-11-12,28.3,64.6,1.5
janakpur,2024-11-13,28.8,73.7,6.2
janakpur,2024-11-14,26.5,70.0,8.2
janakpur,2024-11-15,22.4,64.5,5.0
janakpur,2024-11-16,25.1,53.7,0.5
janakpur,2024-11-17,21.2,70.0,0.7
janakpur,2024-11-18,24.6,59.7,2.6
janakpur,2024-11-19,22.6,61.6,9.5
janakpur,2024-11-20,19.8,65.7,6.9
janakpur,2024-11-21,24.6,57.1,0.8
janakpur,2024-11-22,25.0,57.0,2.1
janakpur,2024-11-23,23.9,72.6,1.3
janakpur,2024-11-24,21.3,58.2,3.3
janakpur,2024-11-25,27.1,81.1,6.0
janakpur,2024-11-26,23.8,67.5,13.6
janakpur,2024-11-27,24.8,61.9,2.4
janakpur,2024-11-28,20.6,64.8,2.4
janakpur,2024-11-29,23.4,54.1,0.3
janakpur,2024-11-30,21.2,80.6,1.2
janakpur,2024-12-01,15.2,54.3,0.2
janakpur,2024-12-02,13.4,65.0,1.5
janakpur,2024-12-03,17.9,59.9,0.0
janakpur,2024-12-04,11.2,68.9,5.3
janakpur,2024-12-05,11.4,54.6,0.2
janakpur,2024-12-06,16.0,66.4,0.0
janakpur,2024-12-07,5.8,57.8,1.5
janakpur,2024-12-08,10.6,45.6,0.2
janakpur,2024-12-09,21.7,58.9,0.2
janakpur,2024-12-10,8.9,69.9,1.1
janakpur,2024-12-11,15.0,69.4,2.6
janakpur,2024-12-12,10.6,53.8,3.6
janakpur,2024-12-13,13.9,58.4,1.0
janakpur,2024-12-14,16.1,51.6,0.1
janakpur,2024-12-15,10.1,68.7,0.2
janakpur,2024-12-16,19.6,61.6,0.3
janakpur,2024-12-17,15.9,64.5,0.0
janakpur,2024-12-18,16.8,55.2,0.4
janakpur,2024-12-19,15.7,55.4,0.8
janakpur,2024-12-20,14.6,64.3,3.0
janakpur,2024-12-21,11.2,62.5,0.4
janakpur,2024-12-22,13.7,57.5,0.9
janakpur,2024-12-23,14.3,54.5,0.2
janakpur,2024-12-24,12.1,61.2,0.3
janakpur,2024-12-25,14.4,67.9,2.4
janakpur,2024-12-26,11.1,67.2,1.1
janakpur,2024-12-27,19.1,67.1,0.4
janakpur,2024-12-28,14.9,56.1,0.1
janakpur,2024-12-29,16.8,64.8,0.6
janakpur,2024-12-30,17.3,72.1,2.1
janakpur,2024-12-31,11.3,69.2,1.0
janakpur,2025-01-01,15.2,59.5,0.2
janakpur,2025-01-02,12.9,67.8,0.4
janakpur,2025-01-03,9.2,59.3,1.3
janakpur,2025-01-04,18.5,61.1,0.0
janakpur,2025-01-05,13.8,61.9,0.2
janakpur,2025-01-06,5.7,65.3,0.6
janakpur,2025-01-07,13.6,54.4,1.8
janakpur,2025-01-08,9.9,55.6,1.0
janakpur,2025-01-09,16.3,61.9,0.5
janakpur,2025-01-10,4.4,57.9,0.8
janakpur,2025-01-11,7.0,59.8,1.6
janakpur,2025-01-12,10.6,52.1,0.2
janakpur,2025-01-13,17.6,67.5,0.0
janakpur,2025-01-14,16.2,52.6,1.6
janakpur,2025-01-15,10.7,68.3,0.2
janakpur,2025-01-16,19.9,62.8,2.3
janakpur,2025-01-17,11.1,64.5,1.0
janakpur,2025-01-18,13.1,66.0,1.3
janakpur,2025-01-19,15.4,54.1,0.2
janakpur,2025-01-20,16.7,54.9,0.2
janakpur,2025-01-21,14.9,60.2,0.2
janakpur,2025-01-22,16.6,73.5,3.3
janakpur,2025-01-23,10.6,59.9,1.8
janakpur,2025-01-24,10.3,74.5,0.9
janakpur,2025-01-25,10.1,55.2,4.4
janakpur,2025-01-26,18.0,57.7,1.9
janakpur,2025-01-27,12.8,58.6,0.3
janakpur,2025-01-28,9.7,62.1,0.6
janakpur,2025-01-29,11.5,61.7,0.8
janakpur,2025-01-30,18.7,64.8,0.2
janakpur,2025-01-31,11.8,58.0,0.2
janakpur,2025-02-01,11.9,67.1,0.8
janakpur,2025-02-02,12.7,51.0,0.3
janakpur,2025-02-03,14.8,76.1,0.3
janakpur,2025-02-04,8.4,48.7,0.1
janakpur,2025-02-05,9.1,63.4,0.3
janakpur,2025-02-06,17.0,71.3,3.7
janakpur,2025-02-07,17.0,65.7,0.0
janakpur,2025-02-08,12.6,62.2,0.3
janakpur,2025-02-09,13.0,58.5,0.4
janakpur,2025-02-10,15.3,65.8,0.2
janakpur,2025-02-11,12.7,41.1,0.1
janakpur,2025-02-12,12.9,45.1,2.1
janakpur,2025-02-13,17.9,65.4,3.1
janakpur,2025-02-14,12.4,61.8,2.1
janakpur,2025-02-15,16.5,65.0,2.4
janakpur,2025-02-16,14.4,61.1,1.0
janakpur,2025-02-17,7.8,56.8,1.8
janakpur,2025-02-18,18.4,49.5,0.4
janakpur,2025-02-19,12.8,58.8,1.2
janakpur,2025-02-20,16.9,69.6,2.6
janakpur,2025-02-21,13.0,68.8,1.9
janakpur,2025-02-22,13.7,57.5,0.2
janakpur,2025-02-23,21.0,60.5,0.0
janakpur,2025-02-24,11.6,61.1,0.0
janakpur,2025-02-25,17.3,53.4,3.4
janakpur,2025-02-26,15.2,46.1,2.1
janakpur,2025-02-27,12.4,59.8,0.3
janakpur,2025-02-28,10.5,70.7,0.9
janakpur,2025-03-01,25.6,71.0,14.2
janakpur,2025-03-02,23.0,68.7,2.0
janakpur,2025-03-03,25.5,68.1,1.6
janakpur,2025-03-04,17.3,77.5,0.1
janakpur,2025-03-05,30.0,82.1,2.0
janakpur,2025-03-06,25.8,63.6,3.8
janakpur,2025-03-07,22.7,63.7,12.3
janakpur,2025-03-08,24.9,46.9,0.3
janakpur,2025-03-09,22.2,59.5,0.0
janakpur,2025-03-10,26.6,58.1,1.6
janakpur,2025-03-11,22.8,58.3,0.7
janakpur,2025-03-12,22.7,58.1,1.6
janakpur,2025-03-13,25.6,72.6,16.9
janakpur,2025-03-14,32.2,59.9,3.4
janakpur,2025-03-15,22.7,58.4,1.5
janakpur,2025-03-16,23.3,62.7,9.2
janakpur,2025-03-17,20.5,72.0,5.0
janakpur,2025-03-18,21.4,65.3,1.1
janakpur,2025-03-19,23.2,74.4,1.5
janakpur,2025-03-20,25.4,69.7,3.6
janakpur,2025-03-21,23.0,51.7,1.9
janakpur,2025-03-22,23.3,57.5,1.0
janakpur,2025-03-23,24.8,75.0,0.4
janakpur,2025-03-24,21.9,60.9,2.2
janakpur,2025-03-25,25.2,74.3,3.0
janakpur,2025-03-26,21.1,55.8,2.0
janakpur,2025-03-27,19.9,59.5,7.8
janakpur,2025-03-28,23.7,48.1,5.4
janakpur,2025-03-29,20.4,53.7,2.1
janakpur,2025-03-30,28.7,76.9,3.2
janakpur,2025-03-31,27.0,73.7,3.5
janakpur,2025-04-01,22.6,61.7,2.1
janakpur,2025-04-02,24.1,71.1,0.1
janakpur,2025-04-03,30.2,71.2,6.3
janakpur,2025-04-04,23.2,61.8,2.5
janakpur,2025-04-05,27.0,50.3,2.3
janakpur,2025-04-06,24.2,67.2,11.4
janakpur,2025-04-07,27.0,66.1,6.0
janakpur,2025-04-08,21.5,71.8,2.9
janakpur,2025-04-09,28.0,54.4,4.6
janakpur,2025-04-10,20.1,60.3,8.4
janakpur,2025-04-11,19.8,71.8,6.5
janakpur,2025-04-12,27.4,62.9,2.2
janakpur,2025-04-13,24.3,72.4,7.9
janakpur,2025-04-14,23.4,56.4,5.9
janakpur,2025-04-15,23.8,58.6,2.7
janakpur,2025-04-16,19.8,65.2,3.0
janakpur,2025-04-17,23.2,60.3,4.6
janakpur,2025-04-18,24.6,54.0,1.2
janakpur,2025-04-19,25.2,66.1,2.8
janakpur,2025-04-20,17.5,59.3,1.1
janakpur,2025-04-21,28.1,67.4,5.1
janakpur,2025-04-22,25.8,63.5,1.8
janakpur,2025-04-23,24.1,71.1,5.2
janakpur,2025-04-24,23.1,77.8,23.6
janakpur,2025-04-25,27.4,76.3,6.0
janakpur,2025-04-26,24.6,77.9,1.8
janakpur,2025-04-27,27.1,68.3,0.9
janakpur,2025-04-28,21.7,49.2,3.9
janakpur,2025-04-29,23.3,55.7,1.8
janakpur,2025-04-30,23.3,50.7,0.4
janakpur,2025-05-01,27.1,59.1,2.3
janakpur,2025-05-02,27.7,69.3,6.2
janakpur,2025-05-03,20.2,70.7,11.1
janakpur,2025-05-04,22.2,67.8,2.6
janakpur,2025-05-05,25.6,69.3,0.7
janakpur,2025-05-06,26.6,52.8,9.7
janakpur,2025-05-07,29.8,45.6,8.7
janakpur,2025-05-08,29.0,63.9,7.1
janakpur,2025-05-09,23.8,84.9,14.0
janakpur,2025-05-10,22.9,61.9,7.4
janakpur,2025-05-11,19.9,76.1,12.0
janakpur,2025-05-12,24.6,73.4,10.5
janakpur,2025-05-13,23.2,67.0,16.8
janakpur,2025-05-14,23.6,70.3,8.5
janakpur,2025-05-15,17.9,71.5,4.6
janakpur,2025-05-16,20.5,40.1,1.1
janakpur,2025-05-17,29.4,71.6,4.7
janakpur,2025-05-18,24.6,80.2,16.5
janakpur,2025-05-19,23.7,54.8,16.8
janakpur,2025-05-20,21.2,73.4,2.2
janakpur,2025-05-21,22.4,52.6,8.8
janakpur,2025-05-22,23.1,59.9,0.1
janakpur,2025-05-23,20.1,66.8,0.3
janakpur,2025-05-24,23.2,66.2,2.2
janakpur,2025-05-25,24.9,52.6,2.0
janakpur,2025-05-26,29.3,78.1,0.3
janakpur,2025-05-27,21.8,52.4,13.0
janakpur,2025-05-28,23.3,64.6,2.7
janakpur,2025-05-29,22.9,56.9,2.4
janakpur,2025-05-30,27.4,57.7,2.3
janakpur,2025-05-31,25.2,65.2,12.7
janakpur,2025-06-01,30.2,71.1,30.8
janakpur,2025-06-02,27.3,65.8,17.7
janakpur,2025-06-03,33.7,62.3,23.3
janakpur,2025-06-04,31.0,76.6,27.9
janakpur,2025-06-05,32.5,63.6,13.1
janakpur,2025-06-06,31.8,68.3,10.7
janakpur,2025-06-07,27.9,77.7,16.6
janakpur,2025-06-08,27.2,85.3,27.4
janakpur,2025-06-09,31.9,73.4,9.5
janakpur,2025-06-10,31.0,68.4,7.2
janakpur,2025-06-11,26.3,69.1,23.2
janakpur,2025-06-12,29.0,63.9,25.5
janakpur,2025-06-13,26.9,91.3,32.5
janakpur,2025-06-14,31.7,81.2,14.1
janakpur,2025-06-15,29.1,75.3,13.5
janakpur,2025-06-16,26.4,56.8,7.3
janakpur,2025-06-17,30.7,84.7,16.8
janakpur,2025-06-18,30.8,64.1,10.2
janakpur,2025-06-19,30.1,62.0,14.0
janakpur,2025-06-20,31.8,66.9,25.8
janakpur,2025-06-21,29.5,86.3,56.9
janakpur,2025-06-22,31.1,66.9,9.6
janakpur,2025-06-23,36.1,63.3,13.3
janakpur,2025-06-24,28.3,66.1,35.6
janakpur,2025-06-25,32.1,65.7,7.9
janakpur,2025-06-26,27.5,66.0,12.9
janakpur,2025-06-27,30.1,64.9,25.6
janakpur,2025-06-28,28.3,84.6,26.4
janakpur,2025-06-29,31.6,78.4,37.3
janakpur,2025-06-30,28.0,58.7,24.5
janakpur,2025-07-01,31.3,59.3,12.4
janakpur,2025-07-02,31.9,75.4,9.5
janakpur,2025-07-03,32.1,76.1,14.3
janakpur,2025-07-04,31.3,72.1,33.1
janakpur,2025-07-05,27.4,62.0,7.5
janakpur,2025-07-06,30.7,90.6,47.0
janakpur,2025-07-07,36.3,58.7,18.4
janakpur,2025-07-08,33.7,55.5,16.3
janakpur,2025-07-09,30.2,63.7,9.0
janakpur,2025-07-10,26.6,72.5,24.3
janakpur,2025-07-11,27.4,73.0,39.4
janakpur,2025-07-12,26.0,61.7,19.4
janakpur,2025-07-13,27.7,84.3,30.2
janakpur,2025-07-14,33.0,61.5,23.5
janakpur,2025-07-15,30.7,74.1,20.1
janakpur,2025-07-16,35.1,82.9,27.6
janakpur,2025-07-17,31.6,75.4,20.7
janakpur,2025-07-18,32.3,80.2,20.0
janakpur,2025-07-19,33.0,65.1,7.6
janakpur,2025-07-20,25.4,80.3,13.0
janakpur,2025-07-21,27.5,79.3,14.7
janakpur,2025-07-22,25.4,61.3,13.0
janakpur,2025-07-23,30.0,82.8,43.3
janakpur,2025-07-24,27.4,55.9,6.1
janakpur,2025-07-25,30.3,80.4,34.2
janakpur,2025-07-26,26.0,69.1,32.1
janakpur,2025-07-27,37.3,72.5,5.1
janakpur,2025-07-28,30.9,55.5,2.2
janakpur,2025-07-29,26.4,59.1,24.1
janakpur,2025-07-30,27.7,65.5,62.4
janakpur,2025-07-31,26.7,79.9,31.6
janakpur,2025-08-01,28.2,85.8,36.2
janakpur,2025-08-02,30.2,72.8,9.7
janakpur,2025-08-03,26.9,65.0,18.4
janakpur,2025-08-04,32.1,100.0,86.4
janakpur,2025-08-05,34.2,72.4,30.3
janakpur,2025-08-06,29.5,81.0,62.9
janakpur,2025-08-07,30.1,66.1,13.0
janakpur,2025-08-08,24.9,98.8,83.3
janakpur,2025-08-09,28.8,84.7,31.0
janakpur,2025-08-10,31.9,66.6,9.8
janakpur,2025-08-11,29.1,66.5,11.1
janakpur,2025-08-12,28.6,77.9,15.9
janakpur,2025-08-13,23.9,72.7,9.6
janakpur,2025-08-14,31.7,95.7,69.4
janakpur,2025-08-15,29.6,89.7,20.9
janakpur,2025-08-16,31.2,67.8,25.2
janakpur,2025-08-17,35.5,58.5,30.4
janakpur,2025-08-18,29.9,69.5,2.9
janakpur,2025-08-19,29.5,51.7,14.4
janakpur,2025-08-20,28.9,67.9,23.5
janakpur,2025-08-21,31.2,68.7,29.8
janakpur,2025-08-22,28.8,71.1,14.7
janakpur,2025-08-23,28.9,73.3,8.5
janakpur,2025-08-24,27.7,71.1,15.4
janakpur,2025-08-25,27.8,66.7,33.7
janakpur,2025-08-26,32.7,64.6,24.6
janakpur,2025-08-27,34.3,86.9,49.9
janakpur,2025-08-28,28.6,70.4,13.8
janakpur,2025-08-29,27.1,81.9,15.4
janakpur,2025-08-30,32.2,68.5,5.3
janakpur,2025-08-31,31.0,76.8,15.1
janakpur,2025-09-01,23.8,71.6,25.1
janakpur,2025-09-02,24.6,56.3,12.8
janakpur,2025-09-03,20.3,65.6,16.9
janakpur,2025-09-04,20.6,71.7,16.3
janakpur,2025-09-05,18.8,68.1,23.6
janakpur,2025-09-06,24.4,68.1,19.5
janakpur,2025-09-07,26.5,70.8,12.3
janakpur,2025-09-08,26.6,51.7,11.6
janakpur,2025-09-09,23.6,71.9,27.7
janakpur,2025-09-10,22.6,66.6,36.9
janakpur,2025-09-11,20.5,81.3,46.6
janakpur,2025-09-12,26.0,73.4,24.5
janakpur,2025-09-13,24.6,57.3,4.9
janakpur,2025-09-14,27.8,60.3,7.9
janakpur,2025-09-15,23.4,64.8,21.2
janakpur,2025-09-16,20.8,83.2,18.1
janakpur,2025-09-17,20.0,83.2,48.1
janakpur,2025-09-18,21.8,58.3,2.6
janakpur,2025-09-19,26.4,75.5,10.3
janakpur,2025-09-20,30.1,76.5,30.8
janakpur,2025-09-21,25.8,58.9,3.6
janakpur,2025-09-22,27.9,87.7,43.8
janakpur,2025-09-23,23.0,72.6,27.7
janakpur,2025-09-24,27.8,81.3,31.2
janakpur,2025-09-25,30.2,93.5,61.9
janakpur,2025-09-26,23.2,59.4,17.3
janakpur,2025-09-27,21.8,76.8,26.3
janakpur,2025-09-28,22.2,70.0,15.3
janakpur,2025-09-29,21.3,80.1,12.4
janakpur,2025-09-30,18.0,88.9,26.0
janakpur,2025-10-01,29.0,58.4,2.9
janakpur,2025-10-02,20.3,53.2,0.0
janakpur,2025-10-03,23.9,57.8,1.6
janakpur,2025-10-04,28.3,53.3,3.3
janakpur,2025-10-05,25.8,70.8,2.4
janakpur,2025-10-06,27.0,74.3,0.3
janakpur,2025-10-07,23.5,65.1,1.9
janakpur,2025-10-08,26.4,63.0,8.0
janakpur,2025-10-09,23.3,53.3,1.3
janakpur,2025-10-10,27.7,66.3,1.2
janakpur,2025-10-11,30.3,71.6,0.5
janakpur,2025-10-12,25.0,64.8,9.0
janakpur,2025-10-13,26.1,62.8,1.3
janakpur,2025-10-14,25.5,49.6,0.4
janakpur,2025-10-15,25.7,71.9,4.5
janakpur,2025-10-16,24.5,62.2,3.9
janakpur,2025-10-17,26.3,48.2,1.9
janakpur,2025-10-18,26.0,62.2,8.2
janakpur,2025-10-19,25.1,57.2,3.3
janakpur,2025-10-20,25.4,65.3,4.4
janakpur,2025-10-21,25.5,38.9,3.8
janakpur,2025-10-22,25.9,54.5,2.2
janakpur,2025-10-23,25.3,66.5,0.2
janakpur,2025-10-24,24.4,52.0,3.8
janakpur,2025-10-25,22.3,68.5,1.3
janakpur,2025-10-26,18.8,59.4,3.9
janakpur,2025-10-27,24.9,49.5,3.1
janakpur,2025-10-28,22.9,45.7,5.6
janakpur,2025-10-29,20.5,56.7,3.0
janakpur,2025-10-30,20.5,66.2,7.3
janakpur,2025-10-31,24.7,65.4,0.6
janakpur,2025-11-01,19.9,66.8,2.8
janakpur,2025-11-02,22.5,62.4,14.9
janakpur,2025-11-03,27.2,58.9,0.7
janakpur,2025-11-04,21.0,54.7,0.1
janakpur,2025-11-05,29.4,70.8,5.5
janakpur,2025-11-06,25.0,74.5,17.2
janakpur,2025-11-07,21.2,51.3,7.0
janakpur,2025-11-08,20.8,58.4,1.6
janakpur,2025-11-09,27.7,41.0,1.2
janakpur,2025-11-10,21.5,68.6,3.1
janakpur,2025-11-11,19.8,52.3,1.1
janakpur,2025-11-12,25.6,54.0,14.7
janakpur,2025-11-13,21.4,74.4,11.7
janakpur,2025-11-14,30.2,66.1,0.2
janakpur,2025-11-15,24.2,56.9,2.8
janakpur,2025-11-16,24.0,70.6,9.4
janakpur,2025-11-17,28.8,57.2,6.5
janakpur,2025-11-18,19.8,53.5,2.9
janakpur,2025-11-19,23.0,65.0,2.7
janakpur,2025-11-20,29.4,72.6,3.7
janakpur,2025-11-21,21.3,61.9,0.9
janakpur,2025-11-22,21.6,60.5,11.3
janakpur,2025-11-23,23.2,73.6,6.5
janakpur,2025-11-24,17.5,55.9,4.2
janakpur,2025-11-25,23.8,49.3,5.1
janakpur,2025-11-26,28.1,57.0,1.3
janakpur,2025-11-27,16.9,62.4,10.2
janakpur,2025-11-28,25.9,77.2,1.3
janakpur,2025-11-29,20.7,77.0,4.5
janakpur,2025-11-30,20.4,63.7,2.0
janakpur,2025-12-01,16.9,68.7,0.4
janakpur,2025-12-02,14.1,50.6,0.7
janakpur,2025-12-03,9.9,57.4,0.3
janakpur,2025-12-04,16.7,64.3,1.2
janakpur,2025-12-05,17.0,73.5,0.2
janakpur,2025-12-06,21.9,58.4,0.3
janakpur,2025-12-07,12.9,60.1,0.2
janakpur,2025-12-08,12.2,54.1,1.3
janakpur,2025-12-09,15.4,65.0,0.4
janakpur,2025-12-10,12.5,69.8,0.6
janakpur,2025-12-11,10.0,58.8,0.1
janakpur,2025-12-12,14.4,57.6,0.9
janakpur,2025-12-13,14.8,62.6,3.9
janakpur,2025-12-14,6.9,76.9,0.4
janakpur,2025-12-15,16.5,57.5,0.5
janakpur,2025-12-16,9.8,49.6,0.7
janakpur,2025-12-17,17.7,71.5,1.5
janakpur,2025-12-18,16.7,61.4,0.1
janakpur,2025-12-19,20.6,46.2,0.1
janakpur,2025-12-20,7.8,55.0,1.5
janakpur,2025-12-21,11.8,56.5,2.8
janakpur,2025-12-22,17.7,70.1,2.7
janakpur,2025-12-23,15.5,58.5,1.4
janakpur,2025-12-24,10.3,66.4,2.9
janakpur,2025-12-25,21.5,61.4,3.1
janakpur,2025-12-26,9.9,58.0,1.4
janakpur,2025-12-27,11.3,68.2,0.1
janakpur,2025-12-28,18.1,55.3,0.5
janakpur,2025-12-29,15.4,72.0,0.2
janakpur,2025-12-30,13.9,65.5,0.5
janakpur,2025-12-31,17.2,67.2,0.9
